A	Coef.DKOvsDFC	Coef.S3KOvsS3FL	Coef.DKOvsS3KO	Coef.DFCvsS3FL	t.DKOvsDFC	t.S3KOvsS3FL	t.DKOvsS3KO	t.DFCvsS3FL	p.value.DKOvsDFC	p.value.S3KOvsS3FL	p.value.DKOvsS3KO	p.value.DFCvsS3FL	F	F.p.value	Res.DKOvsDFC	Res.S3KOvsS3FL	Res.DKOvsS3KO	Res.DFCvsS3FL
710	5.44754229498419	1.88330217859517	0.471920160655738	0.379693017267397	-1.03168900067203	4.29939254922833	1.0773470373551	0.969113643026756	-2.15003370420698	0.0024279782503235	0.311767270774393	0.359993667174112	0.0626952198551261	6.67216349109774	0.0135174111747591	1	0	0	0
711	5.26788908148124	1.93979482861098	0.915271725919405	0.930566817867578	-0.0939562848239941	10.4779870679846	4.94392765999005	5.61984878233727	-0.463294637777935	4.68747307980726e-06	0.00102664737859798	0.000443812064375166	0.655110940635415	50.2383563987306	1.20699510919066e-05	1	1	1	0
712	5.48845806430327	2.32603876346338	1.58757435494272	0.487076696395174	-0.251387712125494	9.02230917713698	6.15793119916011	2.11228792192201	-0.890131520080685	1.47449981902352e-05	0.000237889655557967	0.0665382087763284	0.398567365476027	40.1579811097396	2.87135091808972e-05	1	1	0	0
713	5.20771212105075	2.9867564554708	1.40542268706763	0.655492884576837	-0.925840883826337	9.44272771014508	4.4432895515574	2.31697124411483	-2.67204265825665	1.04293135840603e-05	0.00199292282632817	0.0481584912886963	0.0274780342814155	36.3063018032493	4.22349800830637e-05	1	1	0	0
714	7.47051886918952	2.85144976068717	1.51760841420613	0.671973194403822	-0.661868152077218	11.1927285392355	5.95703253946699	2.94901649755738	-2.37165278483286	2.80676885653806e-06	0.000298946309367309	0.0178087501259531	0.0441666086190332	53.7928625876532	9.24276611946825e-06	1	1	0	0
715	8.08821066116868	3.30776260618459	1.56031497545945	0.81367848868863	-0.933769142036509	9.70699851949979	4.57891842915798	2.66967547153985	-2.50149434225667	8.44497340836101e-06	0.00165910866193883	0.0275806531054319	0.0359652326437602	38.4761175332191	3.38335899881414e-05	1	1	0	0
716	2.32593712079952	0.631277191754557	2.25571799684185	0.693549811886002	2.3179906169733	2.72186938529882	9.72594897719445	3.3433346334512	9.12364194218152	0.0254062130305653	8.31970238044263e-06	0.00971844268913023	1.3547729554855e-05	57.2976065843934	7.21789287958703e-06	1	1	1	1
717	2.94283874543223	8.02750593014308	1.6753534256116	1.34926964081099	-5.00288286372049	14.451502005013	3.01605176003898	2.71572698412286	-8.22170829339756	3.73038092381646e-07	0.0160485876038355	0.0256527364862037	2.96403264091825e-05	75.8431258605017	2.38464877391021e-06	1	1	0	-1
718	2.61991967732187	3.4934952997393	2.17233076370335	1.12686233387011	-0.194302202165838	14.485478564125	9.00738315410424	5.22394449134134	-0.735461230920023	3.66112262661823e-07	1.4931078529952e-05	0.000719723501508392	0.482408033426717	101.262591708907	7.51840343630329e-07	1	1	1	0
719	3.50084432016782	2.79589025571927	2.64253424182368	0.918744581625608	0.76538856773002	6.94460292692415	6.56368789609196	2.55139145025209	1.73547613760645	0.000101914668208871	0.000152253397201768	0.0332380628974931	0.119668829376775	33.5861454120704	5.67831752611821e-05	1	1	0	0
720	3.80611605536825	3.79795941597144	2.88839978819645	0.885921891514416	-0.0236377362605684	6.50258503274197	4.94530435273156	1.6958450197275	-0.0369446009570061	0.000162631643453492	0.00102482803489616	0.127150841885501	0.971406096452686	22.8014469751644	0.000239851145098957	1	1	0	0
721	7.43020987858005	3.70379170235476	2.74363885912732	1.34103648727148	0.380883644044043	8.90039256943265	6.59309833743035	3.60294978236805	0.835534349109103	1.63438121721431e-05	0.000147519820516599	0.00658671271201034	0.426912519119181	44.5678316744434	1.92155765318807e-05	1	1	1	0
722	5.89443291073974	3.62978183920564	3.09625824098501	1.0450147240763	0.511491125855668	9.9459414699255	8.48403694899493	3.20142101815936	1.27941917704984	7.00718911348707e-06	2.34399979081048e-05	0.0120625304026533	0.235500875815495	60.5726874090172	5.80164201133961e-06	1	1	1	0
723	2.29427122644112	4.81417414925356	3.80615450004902	0.65275339959502	-0.355266249609519	5.77402902136968	4.56502940312356	0.875308840356841	-0.388973929473716	0.000369765427620521	0.00169033913227555	0.406127022620146	0.707126725731428	18.1218436121198	0.000547257428801327	1	1	0	0
724	8.6308386652796	4.94068392789782	4.09870414122382	0.618643605195325	-0.223336181478679	10.2691286478202	8.51908778821428	1.43761321943735	-0.423755147236083	5.47699638008199e-06	2.27265498909062e-05	0.187309966958432	0.682559367678365	59.5816128723828	6.19057689401276e-06	1	1	0	0
725	8.21347082402667	5.73630206568253	4.21467160359244	0.77414770475567	-0.747482757334419	16.7783927019313	12.3277007495488	2.53161219672286	-1.99585459518525	1.12706221103803e-07	1.31610020398925e-06	0.0342931745872381	0.0798938497561365	144.658277960954	1.78573057485836e-07	1	1	0	0
726	4.70907321601707	4.49641416256697	4.10677670164799	1.06690293945635	0.677265478537369	8.97891702716826	8.20084759099542	2.3819770315479	1.23459913294525	1.52932319724175e-05	3.02065061310474e-05	0.043450856333657	0.250931122534306	51.5900685885484	1.08828651471888e-05	1	1	0	0
727	6.27664150761467	6.03143015119814	5.49948359646809	0.571773342522828	0.0398267877927729	23.04565895062	21.0131295881054	2.44257404506445	0.138916388723182	8.60457894866609e-09	1.82419121811406e-08	0.0394779768119553	0.892842101576006	325.524629826245	6.56044400088919e-09	1	1	0	0
728	4.54508043745745	5.72914151114294	6.74053099489801	0.67335328118	1.68474276493507	10.2679044129154	12.0805408302961	1.34924325206552	2.75635559274252	5.48204042895405e-06	1.54355867398791e-06	0.213059028240805	0.0240664659300082	86.3814853004329	1.42031916709033e-06	1	1	0	0
729	6.88707631071616	6.78931256734425	6.59632888537351	0.678713091691971	0.485729409721228	15.7100593672628	15.2635067788231	1.7558736270465	1.02601993669012	1.91241083182905e-07	2.4096809912639e-07	0.115979359254271	0.333975543053112	161.272236335874	1.14951659457786e-07	1	1	0	0
730	6.44178107156742	8.45920549437537	6.22750922228673	0.686128021371628	-1.545568250717	7.45657686122274	5.48939273325731	0.676192090451148	-1.24367667285092	6.09190558155226e-05	0.000519224158549253	0.517392949500394	0.247739739832167	28.601010593461	0.000103927012246024	1	1	0	0
731	-Inf	8.44459398521048	6.21670256433932	0.709641618524038	-1.51824980234713	35.1144238506469	32.6984264797757	4.17311976704583	-5.95214832961831	2.23722753455072e-09	3.74392457840835e-09	0.00384588417275691	0.000494463193781263	773.212219067861	1.8746338502323e-09	1	1	1	-1
3093	3.67954581812742	0.561452446207172	0.287845658762112	0.241590355730083	-0.0320164317149776	2.61391489441448	1.34010290597826	1.25751468354029	-0.136069493901321	0.0301142542596317	0.215888866153781	0.242939771545957	0.895022861997614	3.13899548980044	0.0849014991275557	1	0	0	0
3250	5.77845433379473	-1.18383699913345	0.747241676913954	0.264790993484376	2.19586966953178	-1.35810932716326	0.857242924325559	0.339626084576304	2.29963420511756	0.210344564445977	0.415477702038942	0.742609061643853	0.0494976774806691	1.84303231047236	0.215301980340202	0	0	0	0
3817	4.06113436126046	1.30189429853514	1.05649340463379	0.466779963944579	0.221379070043236	5.20725567009561	4.22571270024611	2.08737457406769	0.808312159929773	0.000734892484003613	0.00268946101009111	0.0691997440464409	0.441557324275287	16.5003157660961	0.000760489277808654	1	1	0	0
3936	4.01782831762955	1.23097129732447	0.163908276191087	0.880697858641748	-0.186365162491636	4.69462999995218	0.625106947919595	3.75522004105124	-0.648824965659582	0.00142193144475579	0.548769528595016	0.00526465197890023	0.534063648892285	9.557483996684	0.00464442939191973	1	0	1	0
4692	4.41409263474763	0.894499968320853	0.10920742437289	0.732904531501116	-0.0523880124468468	4.58073628886559	0.559251458418169	4.19621154433138	-0.244904215038796	0.00165506747973278	0.590820690664317	0.00280251480102264	0.812502727976925	10.2926354734791	0.00367745127696053	1	0	1	0
4693	8.27957231311838	1.49745954005597	0.606808850257807	0.723136214781672	-0.167514475016489	9.28593106627498	3.76289642769846	5.0135514545407	-0.948270141446881	1.18487353086072e-05	0.00520596101308946	0.000938886134971515	0.369894365691352	37.0569546440751	3.90625737030161e-05	1	1	1	0
4694	2.94839375589914	4.1752893945786	3.90886422365935	0.403605475114628	0.137180304195378	9.72234542533783	9.10196266934373	1.05074303581479	0.291598713267736	8.3433635291331e-06	1.37945029711636e-05	0.323130372117254	0.777779615711032	59.4554594528798	6.24237882188577e-06	1	1	0	0
4945	2.90512387981938	0.0896603797712552	0.0308042604723262	0.137688311139758	0.0788321918408292	0.292326918874575	0.100433598151811	0.501903604404251	0.234628742960654	0.777242035244459	0.922394111812208	0.628832999163812	0.820206217966587	0.128029429001564	0.940865419310522	0	0	0	0
5232	2.63064763849449	1.24535279348123	0.567757666650142	0.123665852880766	-0.553929273950325	2.11883950964955	0.965981192078072	0.235239618715575	-0.860338499188911	0.0658550446682299	0.36146884784953	0.819747658999615	0.413864798311534	1.85119313076791	0.213912201620549	0	0	0	0
5233	7.48655047979733	0.937514956334223	0.383484943336219	0.720795734460628	0.166765721462625	5.54692545886189	2.26893702432151	4.7680559105087	0.9007210005379	0.000484366423033724	0.0519602114108033	0.00129064581289445	0.393228726545587	18.0298362215213	0.000557189870608095	1	0	1	0
5234	4.11778682530835	1.94470867643298	0.912455741918645	0.440879503374783	-0.591373431139553	5.313985809524	2.49331785430612	1.34691675018974	-1.47515285585046	0.000643556805513239	0.0364332162510431	0.213776276602775	0.177222701732006	11.4890853098977	0.00258122058966447	1	0	0	0
5235	3.83086767626321	2.05522332355244	0.767787176144081	0.665988327253268	-0.621447820155092	6.15305570372903	2.29864910994564	2.22922266932868	-1.69842304105291	0.000239197880607855	0.0495748723139016	0.0553269777770271	0.126651263452856	14.5232438881914	0.00118097206111887	1	0	0	0
5236	2.15236746972463	1.86287397154608	0.298286104327496	1.03548050187052	-0.529107365348058	3.22488280614422	0.516372950532521	2.00413694528206	-0.836148945038911	0.0116373932726028	0.619124590476447	0.0788637614560489	0.42658580581958	3.90473575738921	0.0530287263576342	1	0	0	0
5653	7.80679530563894	1.47227813594584	0.770513448195299	0.479450342221126	-0.222314345529411	9.95144903266712	5.20806844949452	3.62322329462895	-1.37174480839051	6.97742821040769e-06	0.000734145705396261	0.00639198643696153	0.206227950634825	43.3049720026901	2.1473285819563e-05	1	1	1	0
5654	3.30240524535535	4.55052846240802	2.47173386996115	0.581310529013567	-1.4974840634333	4.69367621013326	2.54948816583779	0.670369871314428	-1.41001222443733	0.00142372926645711	0.03333814724173	0.520912569354792	0.195044740239301	9.55641510869894	0.00464605125775138	1	0	0	0
5655	3.70494476492048	1.90949128929972	3.39419751534607	0.234392913930718	1.71909913997707	8.21053890175127	14.5945629059124	1.12681719658044	6.74783231289431	2.99419978484549e-05	3.44828716235062e-07	0.291474326839455	0.000125140904711005	102.2797640488	7.22285282547746e-07	1	1	0	1
5716	2.48172130356891	-0.883876487739706	0.647057350103145	-0.393408473836807	1.13752536400604	-2.02760413162627	1.48434331568581	-1.00899799430488	2.38211131692965	0.0760142539280821	0.174827468628576	0.341603391124625	0.0434416235279466	2.28003247860792	0.153989919685778	0	0	0	0
6148	5.05239510881415	1.07835533392881	0.237497595942879	0.546931790166028	-0.293925947819902	4.2282126301629	0.931223969691332	2.39763517896292	-1.05206417602977	0.00268010875561896	0.378139838948945	0.0423874056644599	0.322558593633625	6.72179549861448	0.0132380090851862	1	0	0	0
6149	2.18607727782855	4.2502846846139	2.09161100037072	0.460090475325628	-1.69858320891755	7.08961809415654	3.48887763867803	0.858031180428774	-2.5864317601622	8.78438769123222e-05	0.0078061511653358	0.415066574029815	0.0314489149330863	21.1260442471211	0.000316345361584329	1	1	0	0
6150	3.83868291129096	2.80456344619946	3.5432334919632	0.757502056420198	1.49617210218394	6.58371122315201	8.31773876925414	1.98812793166647	3.20624299587836	0.000149012821369447	2.71812655644702e-05	0.0808665090168085	0.0119738452822304	41.7530842531273	2.47182654974986e-05	1	1	0	0
6151	4.35011470150262	3.84890794296384	3.70680874436588	0.743737953762595	0.601638755164635	10.0172910889327	9.64745916337005	2.16415180475746	1.42941373566595	6.63231791338546e-06	8.85240196678418e-06	0.0613144037706409	0.189579229496134	66.6926593014888	3.96919562854574e-06	1	1	0	0
6152	5.61741189238393	4.32126042364672	4.33060902180329	0.689852338010493	0.699200936167063	13.7253702501264	13.7550636632603	2.4497669740698	2.0273326120356	5.62452404060482e-07	5.52870762271337e-07	0.0390312763864197	0.0760466469888745	129.232853260358	2.81690125063665e-07	1	1	0	0
6356	5.84858649181745	5.38914062617796	5.25651004712343	0.708355448508172	0.575724869453643	28.1631080210387	27.4699939266205	4.13873204628433	2.74653685777115	1.67201604016317e-09	2.05030571107714e-09	0.00303772749355051	0.0244403704058682	524.064527940453	9.30501565216855e-10	1	1	1	0
7787	3.87465238561482	1.92803815003362	0.930984549436149	0.399280894087777	-0.597772706509689	3.50628074360158	1.69306463060477	0.811829071716506	-0.992376616512726	0.00760563374174447	0.127691675534017	0.439646232299447	0.349178993197806	5.05349131694192	0.0284785897055846	1	0	0	0
7788	2.67449397809791	1.76680306405947	2.9290508702076	0.460112752827315	1.62236055897544	2.99333444562576	4.96242566086437	0.871538098665377	2.50913400499427	0.0166239282395974	0.00100249211436959	0.408066288404119	0.0355334581857704	12.9007971828179	0.00176132575815116	1	1	0	0
7789	3.15253511268134	5.01675569963636	1.42329023678629	1.9948615265568	-1.59860393629327	11.3009430290161	3.20616008486174	5.02411409886343	-3.28732004378962	2.60368089373385e-06	0.0119753643891235	0.000926300079772417	0.0105807618795636	47.0920719756806	1.55217306059491e-05	1	1	1	0
7790	2.79843457243934	3.07257364290359	3.09625278538619	0.499378587921838	0.523057730404433	7.70960025804446	7.76901517993436	1.40092370235107	1.19808756806277	4.77097925476051e-05	4.5089598863411e-05	0.197651936494005	0.264113060483766	41.0639229929912	2.63537090113272e-05	1	1	0	0
7791	3.85242245501683	5.23915999068264	4.29204662687333	0.77695894016387	-0.170154423645448	8.36655790009498	6.85408666227124	1.38719729992319	-0.248049171763574	2.60185173769004e-05	0.000111948760149141	0.201646994442145	0.810149231294739	39.2732850624903	3.127653626885e-05	1	1	0	0
7792	8.49945071809274	5.76147627183543	4.69231635422358	0.772494616947025	-0.296665300664817	17.1420522133443	13.9609933549211	2.56968272096639	-0.805759000111916	9.48270247331025e-08	4.91222778361255e-07	0.0322915987830221	0.442948254247317	163.650746221165	1.0832370174764e-07	1	1	0	0
8147	7.73022937851234	0.369899508150954	0.237088616245355	0.0716646366548952	-0.0611462552507032	1.27446718157419	0.816874999482919	0.276060844707005	-0.19231986461771	0.237165659347822	0.436914153083018	0.789279810862673	0.85213395694674	0.766684193147089	0.543130692136914	0	0	0	0
8159	3.44517885856097	0.244782957749561	0.430218743194916	0.18253456135796	0.367970346803315	0.699631097895158	1.22963793886535	0.583294713131141	0.960085976330508	0.503372817086983	0.252689695045674	0.575264387403828	0.364257324592265	1.04101243747155	0.423897214372772	0	0	0	0
8162	2.28611036267986	0.906875109130529	0.33256029812075	0.479259685663483	-0.0950551253462959	1.87996874874717	0.689403602818552	1.11078256134716	-0.179882147513464	0.0957328366872354	0.509460949387624	0.297933537754852	0.861577998053167	1.52234420869406	0.279571216120879	0	0	0	0
8168	3.41009005034439	-0.67232504869316	1.35056751134285	-0.188624371904859	1.83426818813115	-1.35700508240004	2.72595373410378	-0.425652310735648	3.37967075222659	0.210681015035297	0.0252436322855581	0.681230434814031	0.00919884699504978	4.18012149619707	0.0453020836353281	0	0	0	0
8171	2.3369982041784	0.91756296874075	-0.0155525863012365	1.041313479855	0.108197924813013	1.29384098969728	-0.0219304552797723	1.64165360525118	0.139275054196766	0.230708424904861	0.983023747486882	0.138081582030411	0.892567426913214	1.17443410137894	0.376675013920847	0	0	0	0
8176	1.77596830715924	3.14857761907353	1.72296423261719	0.780513036320996	-0.64510035013534	7.81384827628035	4.27589303105382	2.16563737398031	-1.46146098070626	4.32178298011346e-05	0.00250827255736481	0.0611708547712896	0.180844938330262	26.6355919576127	0.000135449851754083	1	1	0	0
8275	6.93815168497197	1.13714243112315	0.224553289681646	0.642236214011855	-0.270352927429649	5.92482030110583	1.1699835068786	3.74119301588481	-1.28588097636238	0.000310248072421446	0.274642023465155	0.00537372505206434	0.23334331197148	13.606045201457	0.00147338035931413	1	0	1	0
8276	8.46937535886256	0.658400576862379	0.20155855730648	0.70561317859249	0.248771159036592	3.25633293312033	0.996873014961687	3.90175763361599	1.12317649253234	0.0110919797188744	0.347117214863802	0.00425641883477161	0.292931014140857	8.51003949441935	0.0066370725909951	1	0	1	0
8277	6.63149333068193	0.879833457288941	0.187541353327328	0.680992465194001	-0.0112996387676114	4.39850223446957	0.937565007140662	3.80628810143874	-0.0515677616784275	0.00211855298396676	0.375056963454815	0.0048870456173913	0.960097898216142	9.57576504956386	0.00461679922693186	1	0	1	0
8278	3.71180302675408	0.44883982786713	0.600159694443443	0.170835242494217	0.32215510907053	1.49323892952775	1.99666287177555	0.635433916204678	0.978390701915467	0.172536457731311	0.0797927547953835	0.542337331832514	0.355651171039536	2.48357730627595	0.132762633964977	0	0	0	0
8280	5.29562571244542	4.30797226274519	2.86347580309239	0.724987528154363	-0.719508931498441	25.340443245653	16.8435963947745	4.76789684553598	-3.86355300722529	3.96596994531168e-09	1.09240778688445e-07	0.00129091559812888	0.0044976829747101	309.135494120629	8.10507657641363e-09	1	1	1	0
8281	3.61373247074818	4.94653341044973	3.82169078235161	0.656796528281035	-0.468046099817084	10.6210204363488	8.2057983910538	1.57670756990081	-0.917409652706177	4.22004948985264e-06	3.00710601992792e-05	0.1523104083002	0.384920209716078	60.1840669372604	5.95042906393691e-06	1	1	0	0
8282	4.10577167013001	4.2556838252523	4.53557688587885	0.589232876982832	0.869125937609376	11.1630316964834	11.8972157279333	1.72804393674939	2.08115722502408	2.86554443812493e-06	1.74063607423418e-06	0.121040082789966	0.0698799606229768	91.0682856267553	1.15002105359117e-06	1	1	0	0
8343	4.50289535881141	0.722454408514245	-0.136788339405447	0.269331471924262	-0.58991127599543	3.08841777176554	-0.584755983784339	1.28726425067357	-2.3020866798256	0.0143499386062348	0.574326386722495	0.232883613497701	0.0493060131276124	3.36360450226376	0.0735591872544319	1	0	0	0
8737	4.59775181249319	2.82382312215548	1.45655724057073	0.695887251233216	-0.671378630351535	8.99102262912235	4.63766268072309	2.47722518939223	-1.95140984380287	1.5138043068166e-05	0.00153375416909382	0.0373723024702041	0.0856464891285395	34.2717255516162	5.25948564596339e-05	1	1	0	0
9471	4.23375520955426	1.55103829886266	0.879821602834296	0.726702018100125	0.0554853220717662	5.76743779495771	3.27156097223884	3.02114639403574	0.188342306949907	0.000372638094233863	0.0108375878195985	0.0159224230285037	0.855151478597056	16.6715159051576	0.000733598134729275	1	1	0	0
9472	3.21733162893825	3.51546883993328	1.83732957717469	0.645517085783002	-1.03262217697559	8.06500127595536	4.21510360607993	1.65570871949991	-2.16257915464501	3.42001213580333e-05	0.00272954198234476	0.135166606703511	0.0614667275453247	27.6062026402755	0.000118587943858887	1	1	0	0
9715	4.00185527085747	1.37550074351581	1.60397400609741	0.622321553603603	0.850794816185199	3.19327453975416	3.72368345145824	1.61527056138306	1.80305776671263	0.0122139244977114	0.00551326385309923	0.143709044548717	0.107847935080747	9.92742340755734	0.0041228982794261	1	1	0	0
9716	2.38070994250977	1.55610869266238	2.33782645040389	0.319188505499285	1.10090626324079	2.66379350429821	4.00196139390987	0.610889803948837	1.72036400103016	0.0278373358936857	0.00368698061084232	0.557697626800519	0.122472361145641	8.51632761003387	0.00662224149094428	1	1	0	0
10034	2.332053888432	2.58168819323612	0.581431590266993	0.813425017589028	-1.1868315853801	4.68099747121807	1.05422483274965	1.64894871952177	-1.96441431677146	0.00144786310634729	0.321625171254382	0.136561492765903	0.0839233294361073	7.67478097517119	0.00903427059074596	1	0	0	0
10035	7.59160168267342	1.90689117180467	1.02351970305199	0.790397264246526	-0.0929742045061577	10.6828745413823	5.73400975368157	4.95065491438936	-0.475481986159239	4.03418221889344e-06	0.0003875885099089	0.00101779029869435	0.646758558426412	53.1640373930956	9.67763037117012e-06	1	1	1	0
10973	2.81480784152191	1.88359834300061	1.83249714087462	0.493581536623138	0.442480334497144	3.31373457439943	3.22383439960499	0.970830320542365	0.710612381286186	0.0101645160803006	0.0116560518860763	0.359187133064367	0.496887114914095	7.60579517088472	0.00927702482961682	1	1	0	0
11056	2.44732185192459	1.3732437830523	-0.527278819860132	0.996601656842528	-0.903920946069902	3.48577595395508	-1.33841918964527	2.82831931541729	-2.09455445245125	0.00784247149625482	0.216413636957098	0.0214992607499808	0.0684222409384373	4.89737301361981	0.0308303111326669	1	0	0	0
11059	5.90561568286351	1.69983054231708	0.603262778647602	0.694656686609067	-0.401911077060413	7.51520091602845	2.66711349974828	3.43368296953085	-1.62208765981095	5.75326697911283e-05	0.027692156690085	0.00847989682492519	0.142235264624403	22.0870368474082	0.000269292708903736	1	0	1	0
11060	4.35074731020451	1.57796979659895	0.55059586485599	0.838815388387873	-0.188558543355086	8.56727944134563	2.98935292908494	5.09173323412544	-0.934544181459331	2.17846282182995e-05	0.0167269493382546	0.000849951007846137	0.376523313870999	31.1923320090796	7.5075452111949e-05	1	1	1	0
11061	1.96358085435155	2.22692103170386	1.76931924713554	1.34093869514144	0.883336910573118	2.78355326801075	2.21157117940112	1.87395280706357	1.00793023908663	0.0230610957409567	0.0568917306731694	0.0966319766665642	0.342086262248163	5.6677522041775	0.0211290634958971	1	0	0	0
11062	6.58970152419708	3.22304263942054	2.75680889184668	0.644724886134214	0.178491138560353	16.5472319151115	14.1535689044529	3.70074144023666	0.836537356178425	1.26019571554131e-07	4.40447514907357e-07	0.00570195646427189	0.42637941964765	161.888289145683	1.13187723122591e-07	1	1	1	0
11063	5.56970934799527	3.48627007987437	2.92620405838271	0.55682676556075	-0.00323925593091268	12.3965578982991	10.4050624882414	2.21368179609612	-0.0105146476532762	1.25957742098936e-06	4.94775880192083e-06	0.0567023568336485	0.991860102156816	88.2858145927109	1.30187129008802e-06	1	1	0	0
11064	6.72820114571731	3.59037175362116	3.01529859063034	0.580080472954234	0.00500730996341847	14.609604891667	12.2695709699364	2.63901771188836	0.018599998332632	3.42003805678014e-07	1.36602414473992e-06	0.0289455466311796	0.985601473970005	122.7366026477	3.46855439110481e-07	1	1	0	0
11977	4.2111638850688	1.33829242255463	0.613868173067317	0.971183392551267	0.24675914306395	4.72541239764673	2.16752349983109	3.83393681441835	0.795373885589436	0.00136520954597644	0.0609890756224852	0.00469474601277786	0.448636602494265	13.0293245860664	0.00170396371902925	1	0	1	0
11978	2.81287610075832	2.69085198157627	2.19108286271002	0.543736937118	0.0439678182517476	4.18699587981	3.40934952249402	0.945924704024709	0.062453533878439	0.00283886990545097	0.00879617447174769	0.371020951655382	0.951685902822167	9.9169685750436	0.004136608271156	1	1	0	0
11979	5.29293994013414	2.68827349417819	2.04801704155987	0.767399845148685	0.127143392530372	13.9884955395336	10.6569057474217	4.46451485571253	0.603949646034323	4.83586820238408e-07	4.11108333660103e-06	0.00193621424810328	0.562086326580815	107.99818345645	5.80524182814686e-07	1	1	1	0
11980	2.10161745049583	1.25348187641295	3.1419941710826	0.420398637744234	2.30891093241388	5.27814710272391	13.2302730042916	1.9791546790658	8.87523758926719	0.000672765140849663	7.52927121951463e-07	0.0820104040160333	1.66971134631304e-05	84.6559009794989	1.53941705443736e-06	1	1	0	1
12227	4.11264043383798	1.72770606546312	-0.01408557828473	0.845360611319216	-0.896431032428638	6.73118770918621	-0.0548777788781679	3.68229737821087	-3.1882186882653	0.00012735854546319	0.957539466618055	0.0058586318518361	0.0123088811019967	15.3368698428492	0.000979724657587172	1	0	1	0
12228	6.14065041450652	1.06606831358062	0.150553323297918	0.806149930499621	-0.109365059783084	5.13553223256758	0.725255065427992	4.34181436921635	-0.480937227999203	0.000804168493206764	0.488321824071173	0.00228995183858223	0.643036905792618	12.0856888367274	0.00218677929710035	1	0	1	0
12229	5.46074686850237	1.80010218213652	0.174371671255485	0.773367339648897	-0.852363171232134	4.60689045552144	0.446258660198265	2.2128478858401	-1.99133708005128	0.00159808929427669	0.666872648585131	0.0567771045521176	0.0804611532489396	7.20975904170118	0.0108385168974781	1	0	0	0
12230	7.11047704053931	0.87112913969334	0.167407681757767	0.85462437812317	0.150902920187598	4.02979102094185	0.774417869917225	4.42008139521937	0.637245833430773	0.00354371481413339	0.460264538188076	0.00205698779273241	0.541213397157854	10.494471108698	0.0034568401547985	1	0	1	0
12231	4.54622378265191	2.33358062493852	0.459966017066291	0.579069973150004	-1.29454463472222	8.57392155509382	1.6899834126962	2.37871684314368	-4.34193283901363	2.16582352249703e-05	0.128293505986596	0.0436756142666699	0.00228957842627749	25.7281823974242	0.000153988743912917	1	0	0	0
12232	7.58958689905823	2.05307471106876	0.33324511540414	0.697047750264206	-1.02278184540041	6.29007791363222	1.02097489629991	2.38763978979084	-2.86051124250118	0.000205260571478602	0.336222600131501	0.0430632119340842	0.0204437413083406	13.5363649763588	0.0014990898398355	1	0	0	0
12233	5.54172932291683	1.9893018574113	0.121400060229515	0.916477718619015	-0.951424078562772	6.83536224581467	0.417137995041285	3.5207708881373	-2.98431294306482	0.000114157643234703	0.687203730005192	0.00744283506331539	0.0168583088473885	15.8671104202357	0.000871226204491636	1	0	1	0
12234	5.53147632439175	1.43231505918724	0.465996013255784	0.751040378940767	-0.215278666990685	6.14352133435084	1.99876167662711	3.601613505931	-0.842925486538677	0.000241779101244005	0.0795308228207671	0.00659976669118483	0.422994966701008	15.6101765124637	0.000921828739036693	1	0	1	0
12235	4.17730706257869	1.59060826984488	0.768871170099007	0.526345297356568	-0.295391802389307	2.64045028743004	1.27634574808453	0.97687841321277	-0.447633493954227	0.0288802600919275	0.236532954177807	0.356356367145333	0.665919775181817	2.94177092367403	0.0966772880730365	1	0	0	0
12236	3.22107782257933	3.01695641663495	0.938816255235838	0.742952475025582	-1.33518768637353	7.56167772205015	2.35304226576581	2.08192541964043	-3.05492690183065	5.49956851549654e-05	0.0454867207182254	0.0697955643067521	0.015111536541221	20.939276015624	0.000326644479985964	1	0	0	0
12237	3.8089204013987	1.78038513211759	0.932352622233238	1.10006563025419	0.252033120369834	3.75096790328903	1.96430800137307	2.59121227101358	0.484726074958328	0.00529746517663209	0.0839372809415641	0.0312125149932409	0.640458345967875	7.76050991146714	0.00874346717296918	1	0	0	0
12335	3.29361353375207	0.966963205976624	0.358928215106649	0.761592308815391	0.153557317945416	4.64015147185107	1.72238330819824	4.08601319535876	0.672670068964202	0.0015286747958304	0.122094251984995	0.00327216051344526	0.519520313125364	12.4629710893316	0.00197561479174718	1	0	1	0
12336	4.59096163536491	1.45293600113077	0.595025470388144	0.471489330235431	-0.386421200507192	5.44882048272421	2.23147266518983	1.97689175700539	-1.32289793121355	0.000545451760814916	0.0551305999082569	0.0823013261511377	0.22130275728625	11.7172037914242	0.00242073147771689	1	0	0	0
12337	3.34223343139827	0.8856704470402	0.180711905807862	0.741917121176313	0.0369585799439753	3.26516415758048	0.666223017448281	3.05804074051476	0.124381995503661	0.0109436960624885	0.523428332942677	0.0150389845098141	0.903985340530707	5.69832887048128	0.0208286213306713	1	0	0	0
12338	5.99962602393617	1.22768104927226	0.441035192224741	0.685522715149506	-0.101123141898015	6.14343975566703	2.20698457076277	3.83533150745069	-0.461940439742518	0.000241801318455227	0.057305413732794	0.00468526208643781	0.656042224615263	16.5959833192096	0.000745314372812647	1	0	1	0
12339	7.54379708279467	1.09439668805176	0.380336523499628	0.791670074191535	0.0776099096394063	6.68418963705888	2.32296157026655	5.40596497660612	0.432713602335922	0.000133857566461426	0.0477042027257123	0.000574736308478492	0.676294484352141	23.3253616085835	0.000220770496798304	1	0	1	0
12340	6.3166687884892	0.904219472963455	0.831389851240717	0.54563023569585	0.472800613973112	2.74310234130489	2.5221613951768	1.85063848852529	1.30934943162934	0.0245725605905748	0.0348092224780427	0.100192746687393	0.225647069201885	6.33358661889126	0.0156317549118868	1	0	0	0
12443	4.01911762274268	0.120327407893624	0.0830280419129799	0.314013364679194	0.27671399869855	0.344529080406194	0.237731165566989	1.00522773521107	0.723272297100312	0.739052671935952	0.8178781204233	0.34331073577474	0.489476085222027	0.56770637080357	0.651182559794612	0	0	0	0
12444	4.35505936769857	1.87231095900818	-0.0795111965712714	0.897443220506027	-1.05437893507343	6.65170039053827	-0.282476932979903	3.56464830184956	-3.41948574571618	0.000138563623472324	0.784524193449622	0.00697196801110919	0.00866294144309767	14.894368002397	0.00108336929683526	1	0	1	0
12445	3.43657206392902	0.317043474365663	0.433008533922878	0.652893301055658	0.768858360612873	1.30081899784743	1.77661984143947	2.99498927432747	2.87974326059584	0.228419309301397	0.11233585625295	0.0165813037094929	0.0198387893587135	7.33273230168649	0.0103209844308397	0	0	0	0
12446	4.24330845649973	1.06250014051157	0.151392718467565	0.897777106745784	-0.0133303152982172	5.12002772210645	0.729538647501524	4.83689711338433	-0.0586398856910005	0.000820060548598852	0.485834122409011	0.00117943097495743	0.954632232653756	13.5025752259613	0.00151175745734308	1	0	1	0
12447	2.60147667194416	1.13338565400016	0.696619038322098	1.28467880409257	0.847912188414515	1.9051434552754	1.17096876689371	2.41434615704375	1.30109865244225	0.0920557789530665	0.274267211013171	0.0412811929075376	0.228327971291419	4.08438609036935	0.0478201698381845	0	0	0	0
12500	3.58207283695495	1.02862221285695	0.417898778170039	0.675731235467304	0.0650078007803923	4.40589911534277	1.78998648291708	3.23599357799362	0.254187096932087	0.00209722872304461	0.11004538662382	0.0114415657631662	0.805561880271404	9.91025489680819	0.00414544210678722	1	0	1	0
12935	7.24145757554059	1.2997962676042	0.445849361527002	0.581114821656805	-0.272832084420393	8.46480583944454	2.9035537130159	4.23115246005797	-1.62198387900963	2.38419671794843e-05	0.0191153316535349	0.00266915555860221	0.142257597228129	28.384427433677	0.000106918105107539	1	1	1	0
13196	2.75146161007544	1.23640143058016	-0.312723806455043	1.05380502782932	-0.495320209205886	2.06632192207774	-0.522636128405673	1.96903645669948	-0.755673006523434	0.0715294166370721	0.614946470130113	0.0833189257527833	0.470834130591063	1.87987639179742	0.20911224614601	0	0	0	0
13197	3.61891961659366	1.61887700402877	1.32824985157377	0.493167843627723	0.202540691172726	7.52567315598942	6.17463477926951	2.56319269385137	0.859514412480815	5.69499363052793e-05	0.000233466881366321	0.0326242518238697	0.414293745540931	33.7193135238449	5.59380822072997e-05	1	1	0	0
13198	2.75932990691526	1.42946713265617	2.11806691942432	0.50590180039779	1.19450158716594	7.58267232744374	11.2353806888513	3.00033222368771	5.78421227817273	5.38904429134404e-05	2.72468769036906e-06	0.0164444544309755	0.000365374817895181	73.1728882645029	2.74932772488392e-06	1	1	0	1
13393	3.78575120445556	1.87019179207165	0.850880663345351	0.884402002785721	-0.134909125940581	7.73429796412427	3.5188714922841	4.08921058727104	-0.509313817018532	4.66007017607751e-05	0.00746396346741557	0.00325740287259307	0.623851302061748	26.7659850661922	0.000133018842630982	1	1	1	0
13525	2.43682251277346	1.3464562162544	0.0680514561489756	-0.212427426270288	-1.49083218637571	1.28498134333625	0.0649444448936886	-0.226657544912327	-1.29880132757177	0.233642693915135	0.94976190833292	0.826196508216638	0.22907921749563	0.88313611601066	0.488568993692454	0	0	0	0
13564	2.44199176486084	0.423839200405953	0.721283907037078	0.825290675694106	1.12273538232523	0.813105457195087	1.38373203903063	1.77014033886495	1.9662219524178	0.438954042428678	0.20266655524787	0.113462153506777	0.0836864583904793	3.13749102595274	0.0849844444449854	0	0	0	0
13565	2.11849749272338	4.46350430314943	0.436285873390303	1.33549708015118	-2.69172134960795	8.0919800729287	0.790951762068109	2.7069285720986	-4.45469857413623	3.33626293887212e-05	0.451073702527047	0.0260101288200618	0.00196222126509611	22.2083468911516	0.000263989442554313	1	0	0	0
13566	7.41089066024626	4.24906321347452	3.26973210961573	0.550084953326763	-0.42924615053203	23.4699898560379	18.0605878494075	3.39706988978578	-2.16438988589263	7.4154656342827e-09	6.22297334099097e-08	0.00896048061584723	0.0612913760127364	292.873036562753	1.01103418353103e-08	1	1	1	0
13567	8.27236609418229	4.59925635603319	4.42323603960705	0.539839153552848	0.363818837126701	24.0674878123989	23.1463895973008	3.15836653818602	1.73795169626712	6.04073049183643e-09	8.30409706898489e-09	0.0128855128532916	0.119215299929371	375.856955105721	3.64044885759987e-09	1	1	1	0
13568	4.39811842014652	5.88947706138807	6.28932176625422	0.523952203398747	0.923796908264901	5.73518938206113	6.12455928399284	0.57045016001224	0.821215069408956	0.000387049887777029	0.000247004063970324	0.583546323169647	0.434573578983201	23.775542262089	0.000205860421490659	1	1	0	0
14309	2.43694160950976	3.09915072314487	1.8605174330741	0.571554979916123	-0.667078310154649	5.34642322340302	3.20962563629035	1.10238591594127	-1.05052606757811	0.000618310621601483	0.0119120397787758	0.301361055310898	0.323224349243565	12.9739485903523	0.00172838947309576	1	1	0	0
14310	3.77522440224154	3.06990356898376	2.91549347745897	1.06899066082562	0.914580569300829	12.3720005744478	11.7497133598439	4.81663919396736	3.36470152562753	1.27941919282187e-06	1.91965973880503e-06	0.00121103744752156	0.00940926897204427	108.483257015108	5.70160899325605e-07	1	1	1	0
14439	6.65234992570111	2.14191987313676	0.897110805901361	0.48024915792854	-0.764559909306856	10.7016329243163	4.482217405796	2.68267738656286	-3.48712670945806	3.97962938504165e-06	0.00189024952635362	0.0270217993154321	0.00782663241793531	44.8771553572724	1.87081740791352e-05	1	1	0	0
14440	1.83029320445151	3.41007077082086	2.45763420379386	0.242785966249709	-0.709650600777296	2.15327505617302	1.55186293302443	0.171401533600603	-0.409062877525266	0.0623755285215784	0.158095845833209	0.868031024405425	0.692890469935345	2.35357822766232	0.145873942303718	0	0	0	0
14441	2.4008172543157	4.64298626089973	4.94663380978998	0.879494000025645	1.1831415489159	7.63512058179032	8.13445129695226	1.61698648211525	1.77608842796909	5.12351622512307e-05	3.20898585602205e-05	0.143336777458442	0.112427833845024	43.3696113355745	2.13499737518027e-05	1	1	0	0
14462	5.27573798908292	0.361123591447147	0.409401841603568	0.0494570780341226	0.0977353281905433	1.7337640166436	1.96554918629229	0.265471305202952	0.428346356218878	0.119983432656954	0.0837745419956747	0.79714919037883	0.679345321616086	2.36547156716002	0.144610808986769	0	0	0	0
14887	4.25210260914539	1.83199015206029	0.182992515756487	0.74857545848822	-0.900422177815583	7.21122978571874	0.720310138513974	3.29440350460715	-3.23550265183782	7.7688331366058e-05	0.491203747767913	0.0104674115484899	0.011450145018358	17.5920782153554	0.000607633137447123	1	0	1	0
14888	7.7209533222713	1.53187918300073	0.287648822710798	0.884339407466372	-0.359890952823558	6.95623238630126	1.30620748596029	4.48976440241564	-1.49186619689433	0.00010069906364706	0.226664809866201	0.00187101324196433	0.172888248280603	18.8392018200011	0.000476895911043526	1	0	1	0
14889	2.35968923172513	3.9747220041937	2.48616867304448	0.794251128983384	-0.694302202165838	9.88621649981232	6.18377882298081	2.20869732479211	-1.57645390826576	7.33914876427263e-06	0.000231084037824391	0.0571505884505342	0.152368498543085	45.4953085449089	1.77430783495896e-05	1	1	0	0
14890	2.46851813952777	0.763097674931704	2.67233465359755	0.905421773166949	2.81465875183279	0.691219809900077	2.420621516655	0.916942254705433	2.32740075883782	0.508376471039046	0.0408733012064082	0.385151157518804	0.0473703026131096	3.69978520384373	0.0598529734539333	0	0	0	0
15028	2.73470721395699	1.81176376122166	-0.138006666595234	0.897364708651356	-1.05240571916554	6.4714484601606	-0.492946734637969	3.58363624366365	-3.43156717237955	0.00016821773541674	0.634881415157763	0.00677807686693289	0.00850691501126326	14.1631144754971	0.00128633406212592	1	0	1	0
15168	3.14833242396977	5.53582216733138	2.04909345134946	0.53905784710825	-2.94767086887366	4.23912153888747	1.56911763460714	0.461513189208991	-2.06054500395981	0.0026397058431561	0.15405723983434	0.656336177657809	0.0721819033538556	7.10888709513876	0.0112872233740291	1	0	0	0
15240	5.95384482167811	2.48732714056486	0.996571159099018	0.846109078636366	-0.644646902829478	6.42409209837673	2.57387329725525	2.44320670363928	-1.51988289448672	0.000177122827900995	0.0320786357949163	0.039438481709323	0.165833386109207	16.2536645467188	0.000801420034104925	1	0	0	0
15241	3.00081654755392	4.65507039614156	4.11719583205809	0.504536409361317	-0.0333381547221568	16.9157251254315	14.9611814765237	2.04980187031023	-0.11058985820456	1.05545354999324e-07	2.82810020683178e-07	0.073410706492215	0.914580410478924	170.760835026383	9.11513626424186e-08	1	1	0	0
16058	3.51155078344929	1.53252453169865	0.38330148210255	0.535141146121764	-0.614081903474333	6.46238625584717	1.61631489646683	2.5229510702864	-2.36385674195045	0.00016988297445977	0.143482372491527	0.0347658043713162	0.0447148873674051	14.8619356512412	0.00109148931684001	1	0	0	0
16059	5.37526954825543	0.863995165208796	0.489204503481913	0.549804280128177	0.175013618401294	4.40366552159515	2.4934086343779	3.13304141385295	0.814299622718421	0.00210364338236951	0.0364279868449991	0.0133968207133581	0.438307115613651	11.4212827776576	0.00263144976827411	1	0	1	0
16060	2.98892315496396	1.64399228435839	0.641691588411151	0.397502031746117	-0.60479866420112	4.143339864717	1.61724988883092	1.12006994233428	-1.39146082515162	0.00301811137970692	0.143279709488413	0.294178569648666	0.200398665428967	6.59430568599765	0.013970586928478	1	0	0	0
16061	2.57642313162651	1.34622023369954	1.1948165169781	-0.0508772723958795	-0.202280989117325	2.84896965241463	2.52855804114594	-0.120378945872141	-0.390783443017682	0.0208158909797787	0.0344590909263535	0.907058473849596	0.705839278567489	4.87536827915048	0.0311807946867939	1	0	0	0
16062	8.97483641189128	1.92213722945855	1.79081254473432	0.126632273779403	-0.00469241094482609	11.3619551274509	10.5856811174087	0.836889445485624	-0.0253206059883948	2.49643008323797e-06	4.33050863646748e-06	0.426192393323627	0.980400035816985	80.5167978151299	1.8798591720885e-06	1	1	0	0
16063	6.68850378792643	1.88326564442105	1.76916913851441	0.60847311527287	0.494376609366233	9.69283442671338	9.10559993661598	3.5013506881704	2.32277157090108	8.53997388117873e-06	1.37527540897296e-05	0.00766187866991099	0.0477185459908937	64.7817638894462	4.45213066260602e-06	1	1	1	0
16219	3.18684111583759	3.59682014221883	1.93674170106802	0.864009541942413	-0.796068899208403	5.71595408045144	3.07780934027217	1.53512433008505	-1.15486187345291	0.000395936047712298	0.0145867567761729	0.162104389442261	0.280446874036347	14.1184834018008	0.00130019082555594	1	1	0	0
16220	2.57389604384062	1.80175213354422	2.43784476331536	0.528311566435425	1.16440419620657	4.6928643051208	6.34963847590057	1.53846661740517	2.76857370969609	0.00142526158642906	0.000192190390866381	0.161296769522576	0.0236093690476287	23.6667712511076	0.000209345396069336	1	1	0	0
16863	4.16403899734677	2.72375876525002	2.84010094234172	0.285891544575571	0.402233721667276	7.45072100070511	7.7689698534244	0.874351335658167	1.00442500198531	6.126924092019e-05	4.50915360524354e-05	0.406618839615406	0.343675085826133	39.197618230139	3.15086993038027e-05	1	1	0	0
17321	2.8607132432005	4.24890158703517	1.71346110121157	0.359401221670321	-2.17603926415328	12.1226198654297	4.88870762447633	1.14644802490986	-5.66755729642127	1.50191719722262e-06	0.00110259670630224	0.283719438733785	0.000419297932845163	59.376060088818	6.27525848299707e-06	1	1	0	-1
17322	4.95718435666148	2.21518320688003	1.14041853588042	0.890068570282848	-0.184696100716764	10.5611454151986	5.43707895320518	4.74438412659208	-0.803837894345583	4.4090915059153e-06	0.00055330953023626	0.00133147551796199	0.443996811980885	50.3756425239796	1.19422788141637e-05	1	1	1	0
17323	5.42423463478863	2.63505072896176	1.46611556842559	0.719273132946889	-0.449662027589276	11.7640835537527	6.54541707939417	3.59019439680057	-1.83258746365001	1.90134590643584e-06	0.000155278144047673	0.00671244422496022	0.103034550166522	61.2889264454495	5.53933135466412e-06	1	1	1	0
17324	5.11800238554674	2.99727464575738	2.17660651493592	0.606496598460658	-0.214171532360803	15.9272277751508	11.5662766471311	3.60327183428446	-1.03892637547693	1.71289871343187e-07	2.17156213640662e-06	0.00658357070848916	0.328279492664222	130.669776211475	2.69389768543535e-07	1	1	1	0
17325	4.73937357309069	5.19313016396742	6.2047406522198	0.304261632277683	1.31587212053006	13.5895671567744	16.2367853532273	0.890181600244915	3.14339876773042	6.08702743459457e-07	1.46750296346208e-07	0.398541996049505	0.0131851938831282	151.826343706609	1.46813935159959e-07	1	1	0	0
17326	5.42949677808197	8.89894977790212	6.72994885384598	0.292746076856039	-1.8762548472001	32.560372262749	24.624213582442	1.19755838513302	-6.26688622165191	5.09046882975226e-10	5.01227842621924e-09	0.26430822044793	0.000210611630669109	558.58214604798	7.15961586596037e-10	1	1	0	-1
17641	2.46396872402968	0.126827002559743	-0.448947551436371	0.862157523467583	0.286382969471469	0.306508724851164	-1.08499246011112	2.32955378407266	0.631811720117558	0.766798308386681	0.308560279897569	0.0472091988979711	0.54458833162793	2.04300844853244	0.184151981908022	0	0	0	0
17643	4.23004753428783	1.08682926058656	0.532016463709087	0.39056900987314	-0.164243787004332	4.32888719726526	2.11904421605438	1.73927291509	-0.597191027118255	0.00233109473953777	0.0658338097438249	0.11897390359678	0.566379252835803	8.05653905049109	0.00782449031628717	1	0	0	0
17645	2.23777804912208	2.17403635772726	2.22864147203703	0.711683310103846	0.766288424413618	6.14032050919255	6.29454649631155	2.24732573817142	1.97572220161214	0.000242652501027808	0.000204246798208729	0.0537663435439172	0.0824520733761968	28.7556366378927	0.000101854967738643	1	1	0	0
17646	2.82583551844996	4.09600651892286	3.94960565744166	0.405543957119622	0.259143095638422	3.64771413752967	3.51733629518386	0.403787711816302	0.210673144032561	0.00616486563839328	0.00748108697945188	0.696616585426509	0.83824462260898	8.62546718049819	0.00637125198465964	1	1	0	0
17946	3.46297662063112	0.718764296323302	0.343258813460831	0.439591401995823	0.064085919133352	2.95574573712306	1.41156952259132	2.02108589827085	0.240576149929446	0.0176233565953625	0.194601021544046	0.0767955949190743	0.815744886975247	4.55979546032373	0.0367931683594998	1	0	0	0
17947	2.3702411223228	1.25627482508524	0.399715744236101	0.716358253571791	-0.140200827277351	2.36898829858184	0.753753798091117	1.51030108430789	-0.241344947790106	0.0443532362761437	0.471925250382877	0.168216757388237	0.815168703106569	2.40500528341736	0.140506661356258	0	0	0	0
17991	7.37387043627367	3.11697140974517	2.39890559514615	0.64532901794705	-0.0727367966519727	12.7205904908259	9.79011087705164	2.94449386379181	-0.270980475606655	1.02750693859225e-06	7.9106570263869e-06	0.0179344846050997	0.793052044007554	87.3697708563166	1.35725119455488e-06	1	1	0	0
17992	3.22841194247921	2.24070104872522	3.03780571924523	0.67758136045482	1.47468603097482	3.21150241041131	4.35395895193945	1.08577738535577	1.9294488873988	0.0118778926765405	0.00225201185520084	0.308232503641995	0.0886336600932733	11.1732627840818	0.00282583907681339	1	1	0	0
18021	5.92011450314022	0.876627117695369	0.126101521003053	0.884157961523806	0.13363236483149	4.31248192457786	0.620344179423866	4.86292145721247	0.600113529072222	0.00238445760692184	0.551751089172392	0.00114013489926901	0.564520647266079	12.0581760109845	0.00220324959488798	1	0	1	0
18022	7.28528471535488	0.539778862180555	-0.252834931235277	1.36122755317645	0.568613759760619	1.09907240929683	-0.514810631717927	3.09881871280793	1.05690797269116	0.30272219628466	0.620169097246626	0.014121639465198	0.320468952536263	3.63013759665218	0.062415495271006	0	0	0	0
18023	7.63774400338444	1.01889994583397	0.358646064585491	0.748654599001295	0.0884007177528154	4.76960290004026	1.67886878071709	3.91820529254285	0.37775989739388	0.00128802519792729	0.130486248035458	0.00415684239910554	0.715127487156776	12.0954762544515	0.00218095701548489	1	0	1	0
18024	2.57371273452555	2.51859058581051	0.0835546643189988	1.18299511061571	-1.25204081087581	5.32949682342717	0.176806949322938	2.79876599229972	-2.41855792959606	0.000631346912767139	0.863916719279357	0.0225176613603267	0.0410069840299898	9.61406805245546	0.00455956570770948	1	0	0	0
18025	2.11761934655721	1.9485455488436	0.550410856281846	0.745716669242213	-0.652418023319538	3.28182444319447	0.92702570028059	1.40421510610358	-1.00309048344393	0.0106695905918037	0.380191138690854	0.196704260378892	0.344281456055053	3.9450734491001	0.0518006502529159	1	0	0	0
18026	5.72774088468818	1.17832261053099	0.674867669611316	0.706177219634741	0.202722278715067	5.52224739629124	3.16278937367825	3.70015875599724	0.86728633570875	0.000498994624076582	0.012798328577516	0.00570683741792993	0.410260801310018	17.3860974185171	0.000633326809004054	1	1	1	0
18027	7.06831354464508	2.25636705266217	1.11187506817954	0.711635830026158	-0.432856154456472	10.4277458030318	5.13850375630391	3.67699889165949	-1.82613827871445	4.86511228655798e-06	0.000801161167760457	0.00590448179439303	0.104068177774665	46.0030548446704	1.69962449525774e-05	1	1	1	0
18028	2.28873871538572	2.15340992891535	2.52529430978034	0.503902245993296	0.875786626858293	4.45503877390938	5.22440428760854	1.16553703461252	1.65398841507174	0.00196131366627825	0.000719310439331888	0.276338724668546	0.135520336731361	16.9799877489428	0.000688058733122448	1	1	0	0
18029	3.98699610729894	3.7077505502367	4.53790046182678	0.787410262244224	1.6175601738343	6.15940089856116	7.53846511609919	1.46246015048759	2.45300134627249	0.000237496839236387	5.62469573824209e-05	0.180578410481954	0.0388320729447899	33.9905906581241	5.42643205908541e-05	1	1	0	0
18030	5.40337018417183	6.11924298784932	6.99098456437742	0.680579387120829	1.55232096364893	12.6846749775986	14.4917217944475	1.5773041380598	2.93746394256911	1.0507166293856e-06	3.64855314988483e-07	0.152173869018107	0.0181317521804808	126.798284504558	3.04166073759717e-07	1	1	0	0
18450	3.95807660853632	1.30890234280399	0.748377497513994	0.722953212342198	0.162428367052205	6.0081384070912	3.43521089295657	3.71020479213417	0.680618796790494	0.000281931199097949	0.0084604419417439	0.00562330346622965	0.514726764750124	19.6057615158254	0.000413693490440485	1	1	1	0
18451	3.22919234729848	6.6440633984203	3.27620091983005	0.861314843970521	-2.50654763461973	6.98199591287361	3.44283611704319	1.01195863557341	-2.40453532533352	9.80626181625634e-05	0.00836405235422571	0.340267213718283	0.0419270818732669	20.3814706122927	0.000359984448124368	1	1	0	0
18452	2.80943742058223	4.45630276879852	3.84392582541368	0.842073194496483	0.229696251111637	9.32653436719566	8.04489914075954	1.97038210373181	0.438842710797698	1.14616262349183e-05	3.48392839574003e-05	0.0831437525014418	0.672023517075592	51.6527798733937	1.08313941787096e-05	1	1	0	0
18506	6.03121276548891	0.912637865639609	0.490664889397809	0.743871477809934	0.321898501568134	3.23878851250813	1.74128191159256	2.95146080227793	1.04282741157823	0.0113928506435445	0.1186077165398	0.0177411759451538	0.326572650707056	7.39972019740773	0.0100519407561352	1	0	0	0
18507	4.6289996144734	1.8174040970058	1.11714404681105	0.621070813494211	-0.0791892367005422	7.9730132034965	4.90094869385758	3.04626098019059	-0.317136708461313	3.72355484210983e-05	0.00108524848336728	0.0153153746502379	0.759004471248531	30.7499097061826	7.92205381914855e-05	1	1	0	0
18508	2.27021729242524	1.81716927848935	2.41401321332603	0.176755506759366	0.773599441596041	4.16914605586989	5.53848988440015	0.453398087014097	1.62023216095703	0.00291073566129398	0.000489313275653229	0.661931437539362	0.142635032298399	16.6499399517063	0.000736921415297775	1	1	0	0
18509	6.16254886921528	3.02492249045857	2.03555959613893	0.571100120076195	-0.418262774243437	8.56641685655517	5.7645946604879	1.80822392482808	-1.081293379334	2.18011023018849e-05	0.000373884762120714	0.106990853116698	0.310108665748957	35.7092715617742	4.49892332426385e-05	1	1	0	0
18849	5.49924597128549	0.94651549926227	0.473199803542111	0.624418882352201	0.151103186632042	4.71114258758806	2.35528287560331	3.47479792061356	0.686564777309622	0.00139119322832834	0.0453257225215793	0.00797246407777886	0.511158929698977	12.5042587319874	0.00195407302170344	1	0	1	0
18850	5.81138073937514	1.19022058094249	0.516008834733914	0.614657375722284	-0.0595543704862935	7.10100490749805	3.07857327156647	4.0999679426204	-0.324351097974048	8.68333693329673e-05	0.0145695678381777	0.00320827390662175	0.753730426156913	22.908948905705	0.000235773915426301	1	1	1	0
18851	3.92000511053081	0.835620307133606	0.461517242236214	0.797970632315742	0.42386756741835	3.85012122005323	2.12644105532729	4.11062001560006	1.78280967465616	0.00458594014029234	0.0650709821775771	0.00316040827263025	0.111269688628204	12.6450851881501	0.00188275595570572	1	0	1	0
19402	4.05937214290068	0.849113098507514	-0.0597729520346091	0.934696153494506	0.025810102952383	4.23632222288698	-0.298214084174243	5.21373444960333	0.117549979960212	0.00265001069288295	0.772900661792349	0.000728962730849594	0.909231268254839	11.650397588289	0.00246641704156247	1	0	1	0
19403	5.4114671521838	1.7871813407371	0.703146557197708	0.664803565647774	-0.419231217891617	9.09017100386391	3.57642635361734	3.78052207522128	-1.94655385356582	1.39308193809814e-05	0.00685101757089366	0.00507382197223581	0.0862985909881629	32.7675877914476	6.23412508779202e-05	1	1	1	0
19404	2.12714680804183	1.64487490377394	1.72051408368495	1.29470012639563	1.37033930630665	2.79164319672262	2.92001624291585	2.45669494480148	2.12307104477231	0.0227704472351602	0.0186311169980596	0.0386058363544963	0.0654174501045403	8.95143583005643	0.00568870867663982	1	1	0	0
19405	4.39588709094429	4.82951371941374	3.27200819214153	0.610555645485497	-0.946949881786712	6.66042173782606	4.51245316928717	0.941409514442066	-1.19216041320661	0.000137282694828823	0.00181444508445662	0.373196863221673	0.266305722042986	21.5746883898997	0.000293205489329649	1	1	0	0
19529	3.75352620215303	1.58886760562617	-0.138873147567493	1.00455360901642	-0.723187144177242	5.73316321885903	-0.501100544124541	4.05260914557658	-2.38213664283886	0.000387975546327002	0.629374092632109	0.00343069719322557	0.0434398824623655	11.9284852627138	0.00228299363634202	1	0	1	0
19531	7.38433849816091	1.2033342955134	0.587702946000356	0.81996025878184	0.204328909268795	5.75020442088222	2.80837344273889	4.3807129855145	0.891325196203964	0.000380265125369075	0.0221812576092423	0.00217080066339357	0.39796299222715	18.8699114635587	0.00047414239214726	1	1	1	0
19532	7.60944098544231	1.19289665801316	0.549379354996531	0.904556886956747	0.261039583940113	5.19168717431275	2.39099148447461	4.4014582354488	1.03710192362039	0.000749357753846195	0.0428354040530952	0.00211000328542798	0.329080113470603	16.3989742731972	0.000776984863375152	1	0	1	0
19533	5.26478549558145	2.76272963869773	1.08782451216458	0.780210472881584	-0.894694653651566	8.89127489512394	3.50093857894418	2.80732331795135	-2.6285114308523	1.64709019961637e-05	0.00766660012684264	0.0222177746971623	0.0294289634452919	30.5245379823574	8.14413282428635e-05	1	1	0	0
19534	3.0411835891067	3.25935238339532	2.00708901782209	0.791719478063635	-0.460543887509601	6.87927461517199	4.23621471585427	1.86826150818831	-0.88734341244144	0.00010905137345976	0.00265040730988634	0.0974899678542487	0.399981579876744	22.0182769762202	0.00027235743217957	1	1	0	0
19978	8.37588343558695	2.09426303044337	1.02757673664344	0.721537313326092	-0.345148980473842	12.1689298963865	5.9708399038703	4.68743182566892	-1.83078411158978	1.45753038968092e-06	0.000294240887224896	0.00143556046748854	0.103322598674911	63.2831372622326	4.88278968543779e-06	1	1	1	0
19979	4.82311976405938	1.67946059980161	1.12112095802684	0.657163090282384	0.0988234485076145	7.63598056290559	5.09738534215706	3.34058990372171	0.410170456705835	5.11928477048825e-05	0.000843886573518006	0.00975892626185366	0.692109248820889	30.7990281148359	7.87465514198957e-05	1	1	1	0
19980	2.36749836985084	2.45448900460246	1.27055440011256	0.552397843365989	-0.631536761123908	4.3843890281057	2.26955784320867	1.10320182650783	-1.02980738938895	0.00215989115776297	0.0519092251966456	0.301026635425945	0.332296196346633	8.13835400412914	0.00759189816977622	1	0	0	0
19981	4.91188312057763	1.68617117159902	1.17990045848914	0.600377723976975	0.0941070108670967	10.4710333836019	7.32711915508007	4.16838151086603	0.533481348586372	4.71162334358345e-06	6.92052400676126e-05	0.00291385715502584	0.607746803859768	58.6823745548383	6.57186501335767e-06	1	1	1	0
19982	6.97508555723642	1.86993340154257	1.08561337568374	0.738320411961373	-0.0459996138974557	8.6335353308151	5.01230761846342	3.81120590925506	-0.193876912411443	2.05595540063191e-05	0.000940380443444558	0.00485223700308095	0.850953421679596	35.889131212698	4.41366119623285e-05	1	1	1	0
19983	5.96187822649728	2.28160936280092	1.8313462370056	0.540517490131491	0.0902543643361771	7.64324972821708	6.13489620812263	2.02442418572819	0.276003346581044	5.08367156403773e-05	0.000244140536556174	0.0763944690538489	0.789322471220439	33.0310412842074	6.04814711825929e-05	1	1	0	0
19984	4.63415199897517	2.53804451448449	1.87922871245711	0.711595228369983	0.0527794263426009	8.49386420013129	6.28905970462867	2.66252756127828	0.161242721950245	2.32374938941367e-05	0.000205492342338078	0.0278928982394522	0.875774777484879	38.7941572723033	3.27833883198638e-05	1	1	0	0
19985	2.09038830277783	1.59340043822714	1.6900562692126	1.12004281585971	1.21669864684517	2.46530631942636	2.61485204893737	1.9374726828638	1.71845577025208	0.0380835180252289	0.0300697721913962	0.0875308684384265	0.12283066934294	6.53696505166137	0.0143164168453096	1	0	0	0
19986	3.15220334097485	3.32666468064501	2.4932309923805	0.552363358601326	-0.281070329663184	7.96844408343565	5.97209928174088	1.47925951100708	-0.614594801035246	3.73939135024529e-05	0.000293815763103499	0.176148850248607	0.555362868216627	33.2451033761827	5.90208678162409e-05	1	1	0	0
19987	2.38153079342896	3.52756597378726	2.88585634405674	0.469604487243912	-0.172105142486611	10.3067480881972	8.43181802351527	1.53402967596799	-0.459039164815349	5.32448730759959e-06	2.45494009738786e-05	0.162369685197176	0.65803957770005	59.3769646543648	6.27488268842018e-06	1	1	0	0
19988	5.77287948754775	3.47789369605209	3.51423759088837	0.758398926538806	0.79474282137508	18.8001900748742	18.9966515514739	4.58351495657677	3.92176826136674	4.49828571453386e-08	4.13522496837567e-08	0.00164891093993512	0.00413560150957034	250.229831372215	1.92317457045354e-08	1	1	1	0
19989	6.05931020623275	4.71384679348566	4.44644016200174	0.778393354862146	0.510986723378234	26.3588059550662	24.8635262357247	4.86636181790393	2.60837039910352	2.87410615713489e-09	4.63171090634061e-09	0.00113504732946314	0.0303787962781083	447.449577004514	1.78062699837004e-09	1	1	1	0
20118	4.7364270333571	-0.423091904551154	0.248352443685539	-0.0395070542285465	0.631937294008146	-1.07088146872567	0.628601083581887	-0.11179859422866	1.46012504670195	0.314499696520932	0.546588180917346	0.913651107873929	0.18120183986289	0.747423349073111	0.552756451569681	0	0	0	0
20423	2.15777325122428	1.7932207605284	0.524258744919582	0.864413848757504	-0.404548166851313	2.17916464021564	0.637091731480926	1.17444587735835	-0.448782485704922	0.0598788214362184	0.541308932911555	0.272947768739125	0.665123921056272	1.84879293796008	0.214319830289715	0	0	0	0
20835	4.34214022464302	1.287720370941	0.454733502383254	0.340287535852654	-0.492699332705089	5.90644080526832	2.08574514670165	1.74503980652935	-2.06298296031771	0.000316905952526758	0.0693773876733112	0.11792556594856	0.0719058410842236	13.0795269221221	0.00168218922886665	1	0	0	0
20836	8.74353141837765	0.987057553732978	0.351987470588574	0.62341330306899	-0.0116567800754144	5.98855186206727	2.13553425982674	4.22873441841504	-0.0645605643987305	0.000288323387236094	0.0641450461502816	0.00267816115761875	0.950058397516207	16.9622501686463	0.000690580506857049	1	0	1	0
21160	6.43889926536891	1.36584761056301	0.234418005566782	0.673357093001763	-0.458072511994464	5.3551655134987	0.919097569484284	2.95169239777714	-1.6395107152017	0.000611692821114208	0.384087025442497	0.0177347871444118	0.138531031392363	10.3612240045327	0.00360057407371782	1	0	0	0
21161	5.59032990161574	0.727707429248618	0.394899042089529	0.814970546809154	0.482162159650065	4.61087689833988	2.50214687546508	5.7732935312661	2.78887609360942	0.00158959262789875	0.0359281471285959	0.000370084771999003	0.0228694356864232	22.1354338890075	0.00026716123471865	1	0	1	0
21162	5.35610066024938	0.816651753954402	0.583812947662445	0.725490697244854	0.492651890952897	5.03726722198721	3.60107207361238	5.00316638143484	2.77400744468013	0.000910883252558721	0.00660506370781656	0.000951442148223539	0.0234089563318552	23.3457480121369	0.00022006686703011	1	1	1	0
21400	4.64166013040454	0.495997931600856	0.122028925084002	0.330234204540855	-0.0437348019759991	2.56090846356742	0.630052843242774	1.90630001172184	-0.206134522435699	0.0327421571010155	0.545683369203482	0.0918901229866998	0.841673974421018	2.92252940227012	0.0979303659277524	1	0	0	0
21402	2.7552697219611	0.2402079371546	0.039757750945618	0.604594008564435	0.404143822355453	0.505464343084601	0.0836613714862967	1.4224008939226	0.776333795984511	0.626436672364804	0.935316919391203	0.191539140312347	0.459193161483535	0.933151006534627	0.466973120369139	0	0	0	0
21403	3.68953235117724	1.28596914972104	0.388485738164027	0.461710427500856	-0.43577298405616	5.03452306714755	1.52090772198455	2.02093560086258	-1.55739029652404	0.000914076493529449	0.16558026500156	0.0768137023462762	0.156791860176205	9.33216055136387	0.00500243316687001	1	0	0	0
21570	4.95400136679882	1.93422293089723	0.471078763065969	0.950805460967739	-0.512338706863526	10.6929970427634	2.60427262023846	5.8767821645452	-2.58558883522493	4.00464143614988e-06	0.0305758290061959	0.00032798244341064	0.0314907863492695	43.2101761598838	2.16557314393273e-05	1	0	1	0
21788	3.82197595714321	0.601753220346066	-0.236450495145502	0.0322952260470264	-0.805908489444542	1.09190989227366	-0.429050690470588	0.0655181630676929	-1.33494534427528	0.305681059953357	0.678852868200456	0.949318813924557	0.217499792619086	0.668687620867171	0.593947457684696	0	0	0	0
21816	5.91084029469345	0.604039375103523	0.0882194207891853	-0.0350781731079639	-0.550898127422301	2.93660132753159	0.428888047503841	-0.190665323506198	-2.44489613678841	0.0181561123763425	0.678966569734641	0.853388842852712	0.0393332096503912	3.89237658400293	0.0534121617744207	1	0	0	0
21819	3.59755255074882	0.625915016653889	-0.174969366451398	0.12683845750121	-0.674045925604077	1.4712766632438	-0.411283223429744	0.333338083193478	-1.4463647877553	0.178241598980159	0.691324761280328	0.747179646088675	0.184914231792952	0.921626141063317	0.471855251874754	0	0	0	0
21820	4.54531330564237	0.403205258453721	0.55777680201738	-0.1823140015752	-0.0277424580115415	0.767042468882148	1.06109354065804	-0.387764683962706	-0.0481778635430232	0.464404338391856	0.318671762576131	0.707987645910976	0.962718579699513	0.607907730451011	0.62780164572448	0	0	0	0
22315	8.81569068115113	0.228469273872285	-0.0165056877954122	0.167189094555457	-0.0777858671122402	0.953398250831931	-0.0688779440937893	0.780026759286956	-0.296317037945675	0.367439989912361	0.946724365469326	0.457132768773032	0.774298685842301	0.362477872898892	0.781941298343044	0	0	0	0
22316	8.69057921904724	0.286150669183874	0.0237713018858656	0.149079376486663	-0.113299990811345	1.2393545162772	0.102956496429178	0.721893883333162	-0.447960828757444	0.249255044458457	0.920452256239942	0.490279552821254	0.665692999624505	0.5408997034371	0.667206234374971	0	0	0	0
22317	10.3226150653103	-0.0278991390504562	-0.0520155433891816	0.23873461420712	0.214618209868394	-0.138382801006522	-0.258002821415147	1.3239199118956	0.971778442306505	0.89325076422025	0.802714089439033	0.220977966662902	0.358742263251793	0.925226018292205	0.47032429349572	0	0	0	0
22318	7.17790428789425	-0.0591678535716804	0.0234588263530302	0.139780526997555	0.222407206922266	-0.273484566351886	0.108430956423158	0.722351681355375	0.938437256196174	0.791191999752581	0.916240566250422	0.490012612023688	0.374634343603639	0.472025927483065	0.709915815835412	0	0	0	0
22322	8.70917074558785	-0.214986336463785	-0.195544849867591	0.563746021221737	0.58318750781793	-0.747368977313628	-0.679783454466686	2.19110254797517	1.85072459792384	0.475567104853262	0.515229236564181	0.0587608978548249	0.100179369607338	3.08149798162395	0.0881434483869471	0	0	0	0
22323	6.31971111195082	-0.267145373104205	-0.429296015761671	0.766968561036109	0.604817918378643	-0.730649109769962	-1.1741350714755	2.34527498497495	1.51006356462904	0.485190552064664	0.27306549835452	0.0460492670551324	0.168276224003244	3.19823603764363	0.0817129475026622	0	0	0	0
22693	2.24620414217992	3.89617247061441	0.953453115245112	0.836202935495188	-2.10651641987411	6.75161211353733	1.65222295756421	1.6200782988091	-3.33229572522667	0.000124643254209218	0.135884233569676	0.142668227874188	0.00988234324664208	16.3470234819247	0.000785613230241953	1	0	0	0
22865	-Inf	3.82612973797304	3.70549445936674	0.686303571551941	0.565668292945635	7.32719254380335	5.61001585670771	1.46943093110562	0.80742742313523	0.000132618359592703	0.000709570126872949	0.183648946386262	0.445051690336046	28.9935573989253	0.000207699072357331	1	1	0	0
23184	5.92961255929376	0.925505539465377	0.271532373706667	0.664493083847185	0.0105199180884759	5.87691630032294	1.72421770054872	4.7175439469846	0.0609806737284515	0.000327931402738851	0.12175170661023	0.00137947140257644	0.952823707410291	17.0491861946343	0.000678329336103421	1	0	1	0
23654	8.46296110223871	0.26554961344889	-0.102544866306308	0.119564829080911	-0.248529650674287	1.55208047123957	-0.599352724911902	0.781316533977626	-1.3260385422143	0.158044341520172	0.565004154763477	0.456414630166029	0.220305948678918	0.940892940338646	0.463724679105646	0	0	0	0
23656	9.00797497084293	0.310610789712955	-0.0560008403919632	0.142164148310584	-0.224447481794334	1.96694683107794	-0.354626043893925	1.00651714459704	-1.29747858031506	0.0835916513608454	0.731749818462964	0.342726104259908	0.229512715703239	1.33210552971233	0.328462898144229	0	0	0	0
23657	9.1339713504733	0.14720444451226	-0.0220904041698962	0.111004155513406	-0.0582906931687504	0.685884617887798	-0.102928063573477	0.578261640728604	-0.247935512934233	0.511566273860139	0.920474137672069	0.57850173865372	0.810234251311288	0.18859257194037	0.901311506971528	0	0	0	0
23658	4.03879507077113	-2.13142358744501	-0.180636757287864	0.867958887398501	2.81874571755564	-1.37857880584069	-0.116833653629285	0.627647770882411	1.66428272843402	0.204191007104723	0.909781573579441	0.54718281550208	0.133416214445258	1.42730264547549	0.302839586250122	0	0	0	0
23885	3.09238570733052	0.948288693339963	0.625803745632324	0.212921537927952	-0.109563409779687	3.2981377845725	2.17653863606388	0.827947546466193	-0.347858915984113	0.0104081692025912	0.0601275247178609	0.430959873260591	0.736641151748183	5.26418130682167	0.0256456574200914	1	0	0	0
24490	4.78222222119382	9.48148395709936	6.23953213875569	0.586233546439061	-2.65571827190461	15.9024453131874	10.4650093872851	1.09929251134244	-4.06610860905893	1.73444647314608e-07	4.73265676053188e-06	0.302631631000957	0.00336565836865165	121.787672312297	3.57881788989178e-07	1	1	0	0
24831	2.32951858349031	1.40898488485939	0.808477925093378	0.420489333698563	-0.180017626067452	3.41764023368521	1.96104778307909	1.14032855552769	-0.398606537091889	0.00868703993487075	0.0843661938994965	0.286118865784761	0.700284814056807	5.30812625893539	0.025099382396889	1	0	0	0
24832	2.10605410940587	0.94912426714451	0.538281390396417	0.911590473346726	0.500747596598633	1.47056595988473	0.834009114462848	1.5791239330716	0.708255053260952	0.178428975549264	0.427724068619504	0.151758047533429	0.498274907917094	1.88359691770709	0.208499171337326	0	0	0	0
24930	2.16994121866028	2.51800755553763	-0.320328492679541	0.702568497719164	-2.13576755049801	6.63305347851501	-0.843824323704951	2.06918894306853	-5.13593868933363	0.000141346741402435	0.422520264894843	0.0712077255649197	0.000803756414440025	15.8056654020542	0.000883007368350221	1	0	0	-1
24934	7.06077109735224	0.810258701245312	-0.00331942565291499	0.959552402662412	0.145974275764186	3.53619804962858	-0.0144869120216597	4.68205574837301	0.581565430109231	0.00727355355594109	0.988785188067834	0.00144583183273125	0.576375539781407	9.48702968291438	0.00475285212660599	1	0	1	0
24935	7.35836049763681	-0.472010527513001	0.218771321705383	1.2917696488368	1.98255149805518	-0.678617778743509	0.314531349905959	2.07641248240869	2.6020006603622	0.515930915623913	0.760912408749294	0.0704034379892439	0.0306856304016958	3.71605856581993	0.05927300867418	0	0	0	0
24936	2.96758031541954	0.979350769175282	0.67138032706985	0.954733819803671	0.646763377698239	2.19408229946398	1.50412266799236	2.39139853328604	1.32272463618871	0.0584850769522853	0.169769724631899	0.0428078200519701	0.221357871618307	4.76891579961418	0.0329475494112755	0	0	0	0
25305	5.36874789972306	1.38744884091216	0.26229852658912	0.435761430006466	-0.68938888431657	5.99648408789365	1.13364103568356	2.10563698900076	-2.7199026533105	0.000285715695523455	0.288759634172958	0.0672388076544262	0.0254848822643232	12.416973237289	0.00199996230355962	1	0	0	0
25307	6.42408187746985	1.04529771045452	0.416352919887274	0.380906796111725	-0.24803799445552	3.9802506382468	1.58537511231767	1.62160154475049	-0.862180129698154	0.00380305085730332	0.150337475959121	0.142339899370513	0.412907337630107	6.28701371455222	0.0159537554380424	1	0	0	0
25308	7.98087995157682	1.31050221741324	0.162394478191003	0.592708262239443	-0.55539947698279	4.32214257644237	0.535590156996394	2.1855327397151	-1.67215361602756	0.00235287618738429	0.606352066257704	0.059279903883877	0.131827721382345	6.45714490890729	0.0148156640188436	1	0	0	0
25514	2.62284279817273	0.876514238192415	-0.045028336411721	0.132664463962858	-0.788878110641279	1.83565677922437	-0.094301458424485	0.310629087128974	-1.50817518209448	0.102546031487036	0.927116243000699	0.763773323194467	0.168749676089003	1.29574732876511	0.338912135729977	0	0	0	0
25537	5.1676749472174	1.28308187331655	0.411282703229276	0.64308907859353	-0.228710091493745	6.31301177612145	2.02359070204159	3.53759711087776	-1.0272518557878	0.000200115618490977	0.0764944296084944	0.00725840452530982	0.333428600198091	16.1064367111891	0.000827158321209564	1	0	1	0
25538	4.67112732957751	1.92939150084767	0.362359348001806	0.71889873945087	-0.848133413394993	7.12035060353697	1.33727426554349	2.96622264556415	-2.85729162178214	8.51458487600241e-05	0.216771103054356	0.0173386831226215	0.020546860446646	17.576100469336	0.00060957931722289	1	0	0	0
25539	5.98369570566475	2.44930537049606	1.34607689477664	0.638266710663001	-0.464961765056419	10.8989225615425	5.98977490302933	3.17539555593316	-1.88871856997307	3.45303427911297e-06	0.000287919619635756	0.0125531983764243	0.09443926491706	52.0881485993731	1.04822720422975e-05	1	1	1	0
25540	2.26234615974177	2.20396055727306	1.78472896531539	0.775096754420455	0.355865162462782	5.61731286144057	4.54880235400217	2.20869485674522	0.82797961908629	0.000445158294321694	0.0017276342816498	0.0571508112540266	0.430942707790267	19.0796108355544	0.000455858328134105	1	1	0	0
25541	3.92608381907074	4.78890705516663	4.88493489803986	0.50215120532151	0.598179048194741	6.84365496279464	6.9808849018758	0.802308167513706	0.780355097625015	0.000113173494482967	9.81747264215504e-05	0.444832956397618	0.456949880382315	32.2705345696598	6.60475689292538e-05	1	1	0	0
25584	2.81097918054628	1.81529434524594	-0.239199137192569	1.02923444164866	-1.02525904078986	4.31457471142658	-0.568526283921349	2.7350184231625	-2.22450775159346	0.00237757758378527	0.584792482335354	0.0248865996122159	0.0557407350813821	6.48173330751497	0.0146596063350417	1	0	0	0
25585	3.42889195469239	1.45948454096325	0.517960794712583	0.558500856755828	-0.383022889494836	4.40681283838479	1.56394687018263	1.88540197171074	-1.05574543433727	0.00209461068546206	0.155257631461673	0.0949276229223438	0.320969516446528	7.49810825526027	0.00967234908116041	1	0	0	0
25641	4.93961011132451	1.01051292175065	0.326970844519974	0.725939240211439	0.0423971629807598	4.69120750031364	1.51793019681393	3.7678885703065	0.179675534395314	0.00142839404379726	0.166316637973428	0.00516816699475347	0.861735084555015	11.1686543489506	0.00282961666653134	1	0	1	0
25642	2.69215568695406	2.3644907682085	3.2368534821366	0.826989573833984	1.69935228776209	3.72642548014757	5.10126470084598	1.45716878325288	2.44482408622616	0.00549115965101805	0.000839751481323646	0.181993828955438	0.0393376934976931	15.6881875470944	0.000906087690762665	1	1	0	0
26047	3.69666807998622	0.352889312755868	0.534113931382845	0.644429024639435	0.825653643266412	0.948028005120201	1.43488325254578	1.9355872817689	2.02483639974275	0.370010554099658	0.18806284568319	0.0877888124521879	0.0763450784958424	3.5618645340081	0.0650597381824709	0	0	0	0
26048	7.47621931525684	3.17358011190186	2.12077493664787	0.810559051597735	-0.242246123656258	11.8703484987866	7.93247269577065	3.3896407345965	-0.827142272904624	1.77180842509992e-06	3.86670456161716e-05	0.00906145326118586	0.431391015436898	69.4165640936882	3.38792846664169e-06	1	1	1	0
26049	2.32264265938498	3.18388595969099	3.61322766381508	0.880637100461783	1.30997880458587	4.36783955109508	4.95683541964993	1.35070702057042	1.64052486993889	0.00220947639220996	0.00100972623354959	0.212608814792221	0.13831815622556	15.9968376531085	0.000846987109563765	1	1	0	0
26050	3.91959814382843	4.54952695868508	4.30868512986716	0.53698521517823	0.29614338636031	8.99989374993976	8.52345941081257	1.18765000365752	0.534789109475117	1.50254288307438e-05	2.26392687510841e-05	0.267984240689555	0.606881667677697	51.7434883070083	1.07574780052114e-05	1	1	0	0
26051	3.19765059717511	4.98800285408679	4.12495052013872	0.640458367599048	-0.222593966349021	5.52897722932899	4.57232246354263	0.793713959616314	-0.225237590682026	0.000494958124212125	0.00167386164155609	0.449550369173642	0.827264870093044	17.2329471881834	0.000653309021528172	1	1	0	0
26052	4.09722796073064	7.28260142454516	4.90136654921811	0.645701593065231	-1.73553328226182	14.4721475026436	9.74010460406846	1.43460818038388	-3.1483917234652	3.68812420975377e-07	8.22747502542817e-06	0.188138852863089	0.0130844250896363	101.6956823717	7.39076202178946e-07	1	1	0	0
27187	2.91195996816615	2.57216324273409	1.02872974444845	0.722488081478692	-0.820945416806953	7.23297341444977	2.89280818908683	2.27145446326825	-2.10737585905974	7.60129445664687e-05	0.0194383898466973	0.0517537677532545	0.0670549458607911	20.288754977103	0.000365928718233081	1	1	0	0
27188	3.050861667025	3.3691881939284	4.46876934798768	0.679759235375918	1.7793403894352	3.98707529572293	5.28831244919891	0.899371850447387	1.92219561024395	0.00376614889307602	0.000664336219602485	0.393906019112368	0.0896419709267134	15.8400381995805	0.00087639269950084	1	1	0	0
27338	4.35471280378767	0.363170517802867	0.194404850653231	0.201293338899119	0.0325276717494836	1.8204479315221	0.974484135966239	1.12811165644203	0.148843554291904	0.104988294038824	0.357474986403467	0.290957795715614	0.885245425635319	1.73353764799732	0.235038483562243	0	0	0	0
27416	2.28872405101936	2.1951462256437	1.26880404454336	0.575806096115346	-0.350536084984985	6.0854797233021	3.51743368879592	1.78468933925327	-0.887101826166089	0.000258167896539197	0.00747999942239543	0.110947806183862	0.400104288708366	16.6933462292525	0.000730254588797226	1	1	0	0
28109	4.18026781091027	1.63655474403513	0.371316947538135	0.684231799264027	-0.58100599723297	4.53483302977208	1.02890561061117	2.11977137981372	-1.46967313678414	0.00176045344781953	0.332695453356278	0.0657584325304476	0.178664614613444	7.37698788696971	0.0101422555909511	1	0	0	0
28110	7.5796922846209	1.52546429196875	0.43924451473907	0.836182857601815	-0.250036919627867	7.80781430369921	2.24819395842756	4.78501932500614	-1.1682638719093	4.3464664034538e-05	0.0536925995124572	0.00126222265734057	0.275297202895607	24.9409671663572	0.000172687373147383	1	0	1	0
28112	2.83771321772638	1.94612568395996	1.49168091495434	0.421106614283464	-0.0333381547221563	4.1917382459747	3.21291476369687	1.01407561677735	-0.0655502278646528	0.00282009873596637	0.0118522631059977	0.339314236291406	0.94929405016798	9.48236309524486	0.00476014386328928	1	1	0	0
28113	2.05353281723035	2.33344376087317	1.86738720571002	0.612993856315015	0.146937301151871	5.78088798304533	4.62627659521658	1.69788528387154	0.332306358645022	0.000366801808573355	0.00155722615375801	0.126755322079097	0.747930597494471	19.0492597442327	0.000458449821478195	1	1	0	0
28114	2.52508243430757	2.21440798222794	2.05372053972774	0.598727311860799	0.438039869360606	9.86292019147901	9.14722216569889	2.98148038685674	1.78102862016879	7.47334357658874e-06	1.32848688958311e-05	0.0169326043341812	0.111575491461896	64.2513481543855	4.59894808110683e-06	1	1	0	0
28115	6.58922084335794	1.83427277179466	2.06243352449088	0.747492212059822	0.975652964756041	6.97237543887941	7.83965235247547	3.17671697486673	3.38549043052046	9.90380904713676e-05	4.21796130241904e-05	0.0125277888335077	0.00911838302198617	43.7503866131622	2.06411509397915e-05	1	1	1	0
29036	2.46711711464996	0.363933438180533	1.52188511598385	0.947180487531548	2.10513216533487	0.679075899186632	2.83973769698739	1.97598710561907	3.58579205868715	0.515655079451874	0.0211185903339099	0.0824179059291072	0.00675642718720963	7.6511514306754	0.00911652422996144	0	1	0	0
30139	5.10388881331482	6.46378184515147	4.85552650209582	0.768841576749598	-0.839413766306053	8.63654505903163	6.4876839016664	1.14853760681442	-1.02385585236176	2.05057475883316e-05	0.000165279101732716	0.282903838061102	0.33493801076242	38.9128567561636	3.24018265210346e-05	1	1	0	0
30187	2.90600418975083	0.501513288745772	0.318104113650373	0.112426956721124	-0.0709822183742754	1.95489401429201	1.23996679978706	0.489966325907429	-0.252580440724688	0.0851815193008655	0.249039916813814	0.63690051426242	0.806761898588241	1.80247723007629	0.222371422680852	0	0	0	0
30479	4.23482109137844	1.59950721556957	0.723720185901688	0.780520249055652	-0.0952667806122274	6.28367413208082	2.84313929111961	3.42820380065828	-0.341647555167251	0.000206723033552529	0.0210065339346482	0.00855005150021973	0.741141988745714	17.8395553272518	0.000578451265830696	1	1	1	0
30480	6.01779621981819	1.49061351454146	0.741857829211541	0.816033051440198	0.0672773661102779	6.38400238932396	3.17723011902387	3.9074258215085	0.263030641448056	0.000185067671846737	0.0125179360952359	0.00422181799166467	0.798966439658889	20.3485817360919	0.000362079232237118	1	1	1	0
31258	3.20429954294077	1.37635050501966	0.298079882805127	0.672046721721602	-0.40622390049293	3.50047032027434	0.758106150304566	1.9109610122226	-0.943131395211355	0.00767196861086127	0.469453208813848	0.0912253938305521	0.372365966230125	4.53633519891742	0.0372583997841557	1	0	0	0
31581	3.95093341368595	0.978325753747256	1.20065537054877	0.413569939888217	0.635899556689728	4.17953671515688	5.129358175677	1.97537080007835	2.47994790354407	0.00286866688298077	0.000810456323943778	0.0824974183306827	0.0372117206769361	17.7933311487971	0.000583767515869368	1	1	0	0
31582	6.19023315982281	1.38582059999109	0.659171903673094	0.937240837740267	0.210592141422273	7.04937424494395	3.35306708586499	5.33027682889268	0.977901455363518	9.15206303140315e-05	0.00957631138702871	0.000630739623235504	0.355879197210937	27.8245117164978	0.000115161130085233	1	1	1	0
31796	4.38662569200795	2.5633274779195	1.71571687525815	0.532587579329268	-0.31502302333208	5.52196511524536	3.69602745432389	1.2827310457694	-0.619499896020947	0.000499164718558808	0.00574157162163944	0.234392970312158	0.552280609722365	14.8382908544225	0.00109745686889961	1	1	0	0
32108	3.65463114811348	-0.361110198301814	0.578412334246994	-0.00798646176556117	0.931536070783247	-0.634579357697424	1.01644464564235	-0.0156911802167999	1.49436002102173	0.542867895995326	0.338250213086324	0.987853005522698	0.172249627180978	0.768756211544427	0.54210558264254	0	0	0	0
32113	5.07723315658895	0.675915513113977	1.17153555880251	0.391464763417129	0.887084809105667	3.25303423122469	5.63834562447583	2.10641482188223	3.89736192801187	0.0111479069530343	0.000434126442401096	0.0671565017131831	0.00428346050059642	19.7182437563133	0.000405316497128456	1	1	0	0
32114	4.36780508734295	1.97315569346655	1.16782867936359	0.62086599486797	-0.184461019234988	7.24394793029421	4.28739109276859	2.54839559342563	-0.618198498548221	7.51825212078617e-05	0.00246863397574535	0.0333957380644338	0.553097405860705	24.454126438868	0.000185671706631351	1	1	0	0
32235	7.81414048321944	1.96979864194614	1.25610828698196	0.52831087039365	-0.185379484570534	9.78445416074155	6.23938594188482	2.93399468300635	-0.840593091802677	7.94580602304402e-06	0.000217156417571535	0.0182299298901535	0.424228503771312	45.8988824543881	1.71462382022578e-05	1	1	0	0
32236	3.7633509919682	5.63932738488667	5.14783014511099	0.726987478024923	0.235490238249243	6.73496005474367	6.14797262681435	0.970710334708621	0.256737910612758	0.000126852168453796	0.000240570224333682	0.359243461203981	0.803657787508796	27.9977233824779	0.000112529351273659	1	1	0	0
32411	3.05654345562066	3.5770134701982	1.57350501254212	0.796699151913575	-1.2068093057425	14.4369318593851	6.35071263659873	3.59503971459695	-4.44633682015221	3.76052816292155e-07	0.000191963235480515	0.00666438616269124	0.00198467222755723	82.9191011711582	1.67207509364971e-06	1	1	1	0
32627	6.90441395649371	0.625451634685561	-0.283998804360084	0.0954370690343227	-0.814013370011322	2.23085113960348	-1.01296250775847	0.38058262691717	-2.65043876470038	0.0551847772524287	0.339815057894051	0.713110022148964	0.0284292067104331	2.63709838037544	0.119078592233116	0	0	0	0
32631	8.79925392452184	0.997998990654231	-0.118954282021768	0.0249703306656723	-1.09198294201033	4.16419386283681	-0.49634187588555	0.116487718047699	-4.15935576675605	0.00293101844894867	0.63258528610855	0.91004735108827	0.00295098060850139	8.01345962733131	0.00795051186797627	1	0	0	0
32637	10.918322240446	0.085830180790154	-0.177352575402745	0.193353455385898	-0.069829300807001	0.501711487944325	-1.03669622593031	1.26363300936356	-0.372615647522392	0.628962423613979	0.329258349413272	0.240842411554356	0.718810282669321	0.626238379356906	0.617401648370915	0	0	0	0
32639	8.34419665382422	0.37026290343853	-0.229347344736354	0.255969631702754	-0.343640616472129	1.81336081199971	-1.12322753216388	1.4015786514806	-1.53634195350669	0.106144979846304	0.292910552505111	0.197463044741846	0.161809747856663	1.52097042878647	0.27989217368073	0	0	0	0
32641	7.44677001978479	0.35363286495752	-0.123376090411676	0.117461194635281	-0.359547760733915	1.60753728792204	-0.560840593248125	0.59697735300241	-1.49201916356917	0.145397714347984	0.589785412924915	0.5665152788362	0.172849015957683	1.04343004325869	0.422983964426831	0	0	0	0
32642	9.46951309096418	0.150078073676172	-0.11605364966184	0.241711661558332	-0.0244200617796793	0.96789653664808	-0.748463268628021	1.74286721081378	-0.143769851600997	0.360566310343703	0.474941628976698	0.11831949895715	0.889126516384196	1.02744378810539	0.429064073030205	0	0	0	0
32643	3.52054563499945	-0.988570516061819	-0.106688094346042	0.493749259911453	1.37563168162723	-1.23125717927297	-0.132879223052109	0.687547308688854	1.56405733225149	0.252114610757904	0.89746777518294	0.510570852566023	0.155231899796277	1.28314356744305	0.342624391799677	0	0	0	0
32644	6.18366446315052	-2.3556067768038	0.0448418018835932	0.550509089044852	2.95095766773224	-1.75489658564843	0.0334065625021741	0.458530505553412	2.00687854653474	0.116153640575917	0.974143219524216	0.658390059159203	0.0785256150920836	1.90652522498683	0.204768358007309	0	0	0	0
32990	2.21592736858646	2.3627689864502	1.08800067578226	0.51877490074946	-0.755993409918479	4.28848077029531	1.97474658035464	1.05272798435518	-1.2525918799628	0.00246491253969909	0.08257802694807	0.322271599288278	0.244638367480086	7.43041034991936	0.00993158480294593	1	0	0	0
33293	6.39989751039762	0.644223204923565	0.0927344284628102	0.500314359097236	-0.0511744173635185	3.48970550983028	0.502334972544224	3.03005414402942	-0.253054869537257	0.00779648698727206	0.628542445813453	0.0157042998120198	0.806407489182445	5.73781949640161	0.0204483713859218	1	0	0	0
33616	3.46151908725551	0.658643707165317	0.837174222368582	0.270629010721388	0.449159525924653	1.7352074345308	2.20554894679482	0.797131936961335	1.08021659440739	0.119718152947768	0.0574355060752184	0.447670188003314	0.310560538359869	3.18902254807871	0.082199078066873	0	0	0	0
33923	7.08083263703221	1.27129018888947	0.209402210844419	0.63216087579833	-0.429727102246724	4.91935673551624	0.810298219361972	2.73493017210733	-1.51797893107562	0.00105971605946363	0.44047740341338	0.0248900505287919	0.16630456197455	8.7328586774909	0.00613569496630198	1	0	0	0
33924	5.41327005870162	0.954795675242142	0.36023702674092	0.727254050087685	0.132695401586464	4.33124559713715	1.63414547892846	3.68844678704826	0.549499899570843	0.00232352973678577	0.139662209096261	0.00580589246208508	0.597195271434439	10.5665117285722	0.00338209284713787	1	0	1	0
34186	3.21063439029179	3.61447926724732	1.18440450862057	0.819579976838468	-1.61049478178828	13.7379252238303	4.50168872778972	3.48274563278314	-5.58784189081479	5.58378655850294e-07	0.00184104939811288	0.00787812867934205	0.00046113533669991	69.8984175638269	3.29639221009753e-06	1	1	1	-1
34187	3.61871450332053	3.95671241060057	2.18977997336679	0.535865717356963	-1.23106671987682	11.1108789188156	6.14914040195119	1.68238314856582	-3.15576676160037	2.97211195258552e-06	0.000240254181615592	0.129789212238959	0.012937049840602	53.9144701296071	9.16148897788711e-06	1	1	0	0
35141	3.39137008966406	1.6801600136693	1.17081302240893	0.553552082771549	0.0442050915111833	5.10807831476679	3.55954466345893	1.88157007819013	0.122684182489564	0.000832542003015124	0.00702507854043156	0.0954948447861076	0.905288542340105	13.7064004713689	0.00143730702207873	1	1	0	0
35142	5.17641298879784	6.21233156369665	6.17322380952179	0.703562167759041	0.66445441358418	15.4575258185972	15.3602178894136	1.95723439281483	1.5092456100775	2.17777158292183e-07	2.29080632158563e-07	0.0848705510240827	0.168481154628051	160.325084135424	1.17730756767307e-07	1	1	0	0
35143	4.60507713725999	7.05220368647872	6.00178454932214	0.656568957285827	-0.393850179870747	25.7977817179782	21.9552262817663	2.68530034849133	-1.31521859815505	3.42671527258859e-09	1.27693507278955e-08	0.0269104668271383	0.223756311647904	383.03850814479	3.36868010338788e-09	1	1	0	0
35600	3.30291594910897	4.43635154678976	2.77538220985099	0.665649127732884	-0.995320209205886	9.14651760655866	5.72206282112628	1.53437034103366	-1.87327708456549	1.32926403934966e-05	0.000393090010488992	0.162287081376045	0.0967334691008638	38.8002671154232	3.27636123309332e-05	1	1	0	0
36276	4.19345133790468	1.56805693663897	0.970278416438786	0.49192359616293	-0.105854924037259	4.68192201995263	2.8970681977573	1.6421582610734	-0.288524561600833	0.00144608834266596	0.0193096454955825	0.137975929882126	0.780050427900994	10.50015884571	0.0034508646806968	1	1	0	0
36906	4.00652950079591	0.411122980355933	0.735335664577789	-0.361102680368994	-0.0368899961471376	2.23992100960187	4.00632872132654	-2.19961498088724	-0.18347586214736	0.0543993626888881	0.00366409345353194	0.0579763197379967	0.858846771137042	8.12659576889863	0.00762479318035286	0	1	0	0
37102	3.47232715558951	1.99772137481588	1.61905879421457	0.248238152034656	-0.130424428566652	6.7220456851857	5.44790045244177	0.933877859897974	-0.400622062908403	0.000128594980480214	0.000546063048612757	0.376847321292697	0.698856842498889	25.0288067969578	0.000170466124021947	1	1	0	0
37323	4.54971207276536	1.34894281155716	0.61291693690388	0.494405235418404	-0.241620639234875	4.84507414440713	2.20144840701897	1.98538600778625	-0.79222819610198	0.00116692775510404	0.0578086904630665	0.0812144055598809	0.450369326060524	9.79870771616357	0.00429569871967859	1	0	0	0
37402	3.05122009243522	-0.145075008300829	0.0838162731133609	0.0625896525727341	0.291480933986924	-0.385920849267828	0.222963608144682	0.186150061960136	0.707823809528477	0.709301216082659	0.828976588063042	0.856815678633854	0.498529052603358	0.182981307373467	0.905087347909819	0	0	0	0
37409	5.63538338185427	0.108445623944828	-0.162431455713668	0.274034838482574	0.00315775882407809	0.611284113509653	-0.915590365015809	1.72699811180099	0.0162487296085927	0.557448876669348	0.385819711908194	0.121234206442517	0.987421432331036	1.00969588224365	0.435929312495973	0	0	0	0
37413	3.26148484881909	0.5410443654186	0.49879877981485	0.234238135386376	0.191992549782626	1.41567767326592	1.30513935856228	0.685242219448169	0.458590715233775	0.193434712462089	0.227011683448445	0.511951188278412	0.658348568222079	1.46042833458537	0.294479205716156	0	0	0	0
37414	2.53622397172536	0.746280387771929	1.74415715779914	-0.211202424267031	0.78667434576018	1.01923104471322	2.3820793782282	-0.322496139521343	0.980787629259232	0.337001995934578	0.0434438192988533	0.755085192167772	0.354535604327903	2.2834681434397	0.153598756132995	0	0	0	0
38149	2.66485965620635	3.11015631829424	5.72680674577874	0.131132629903877	2.74778305738838	3.68645096843008	6.78795215205343	0.173776890634062	2.97315850437943	0.00582295374890662	0.000119968434516074	0.866222500952812	0.0171528506245764	21.2421434216932	0.000310146083245049	1	1	0	0
38824	3.22959541574422	2.43371885494294	2.69044443564508	0.084996493038564	0.341722073740707	3.54490125649277	3.91884208032971	0.138417101007534	0.454376797027176	0.00717985573955546	0.0041530376029783	0.893224493616558	0.661255427097178	9.35978328883631	0.00495674722198691	1	1	0	0
38825	4.06855587398001	4.55590152978782	3.47587206999663	0.385303309614064	-0.694726150177126	17.2829056323009	13.185791787405	1.6341810715285	-2.40583286500718	8.87733309656766e-08	7.73296102744909e-07	0.139654677207409	0.0418410813763008	157.543113591896	1.26390344166851e-07	1	1	0	0
38873	4.47451536675435	-0.655655468155603	1.154203292243	-0.48000485894858	1.32985390145002	-1.31764205354333	2.31955176165268	-1.07850558839408	2.43969237223334	0.222979528951353	0.0479622669118245	0.311279624434834	0.0396583750519666	2.53906156897757	0.127606084257283	0	0	0	0
39553	4.25910395327937	0.350039823818082	0.0413259127240693	0.705707415567411	0.396993504473398	1.93509661963538	0.228458674054338	4.36179133321926	2.00344754314536	0.087856059694456	0.824841904785223	0.00222790301312182	0.0789490124142756	8.45983714903607	0.00675696856136776	0	0	1	0
39688	2.55300043271606	2.37123261554607	0.591287564845938	0.319890229252	-1.46005482144814	6.41059450980097	1.59853773605507	0.966896813587003	-3.60331879588991	0.000179755038648073	0.147385594756766	0.361037184006664	0.00658311267437699	15.3306318195812	0.000981097998092285	1	0	0	0
39936	5.09286959811066	1.41810451478546	0.14535534159699	0.743706664191168	-0.529042508997306	4.12465103463361	0.422775651481688	2.41844185826535	-1.40468491226283	0.0030985252983708	0.683245948158878	0.0410145163541915	0.196569314503491	6.05384848578186	0.0176951381626675	1	0	0	0
39937	5.95977477844983	2.67418876283526	2.11419960479151	0.799759072354822	0.239769914311066	13.9890155428076	11.0596422896748	4.67745130610427	1.14498331540155	4.83443724021596e-07	3.08112311030983e-06	0.00145469223560995	0.284292268444622	112.302389039305	4.9609912065747e-07	1	1	1	0
39938	4.56037592892694	5.93246148584355	3.90299845944537	0.571505867549909	-1.45795715884827	12.2075174089572	8.03139164990928	1.31482552021709	-2.73871326024106	1.42166096786499e-06	3.52761925569259e-05	0.223882520241803	0.0247425578405595	71.3453454723224	3.0393848105402e-06	1	1	0	0
40030	5.95231896925511	1.25101583566284	0.496326350365883	0.602339713020393	-0.152349772276566	6.61033896446983	2.62257704450108	3.55842180532579	-0.73487269166449	0.000144820456081084	0.0297056414897461	0.00703682086519194	0.482747790535927	18.6085908773093	0.000498220464314192	1	0	1	0
40374	2.35261673233848	2.10554031379597	-0.558190591070181	1.04250388630012	-1.62122701856603	3.14891915381188	-0.834796195628099	1.74313345705988	-2.21335542482297	0.0130738274611751	0.427305143712847	0.118271157659984	0.0567315996264821	3.5383463395038	0.0660024052995734	1	0	0	0
40375	4.07679166883458	1.05082786872207	0.235807699677994	0.652054657046261	-0.162965511997812	5.85368369417385	1.31357734948958	4.06103448080525	-0.828710328819408	0.000336903017628486	0.224283681188647	0.00338994853666267	0.430551755131684	14.2878590991296	0.00124856474039405	1	0	1	0
40690	1.71251191887409	4.35731681629896	1.11982677221946	1.15983137313353	-2.07765867094597	5.001853581468	1.28547218102154	1.48854406317336	-2.17718540405396	0.000953042339751556	0.233479311730702	0.173742249475167	0.0600661766378546	8.90704411115554	0.00577613399819524	1	0	0	0
40691	2.44420183395263	3.27302051547275	3.05237936335597	0.449083975423127	0.22844282330635	3.18498351677208	2.9702771226962	0.488586009093324	0.2029295804539	0.0123700474909181	0.0172297995391439	0.637836709633678	0.844097767949339	6.4078378242662	0.0151348536859208	1	1	0	0
40692	3.52620659428416	3.47494887607156	3.1673778637651	0.809427521529994	0.501856509223542	9.72531968338043	8.86452243809757	2.53272734788452	1.28216643883697	8.32382898188135e-06	1.68501750371865e-05	0.0342327958061292	0.234581535114924	60.2832578821136	5.91200675717876e-06	1	1	0	0
40866	6.00167915958211	0.34598414369532	-0.32440344265212	0.228457128603821	-0.441930457743619	1.29938054152896	-1.2183319052863	0.959267837517563	-1.51510759119338	0.22888961236011	0.256735435358203	0.364645570820878	0.167017396655565	1.07301007923528	0.411987803263754	0	0	0	0
40867	4.69710903428511	0.0477118080079562	0.0209075471909461	0.0113247609444933	-0.0154794998725167	0.192417793996106	0.0843184166837795	0.0510626567251205	-0.0569882943812253	0.852059696387418	0.934810264798594	0.960488355859824	0.955908443003875	0.0147155085863466	0.997364552680506	0	0	0	0
40868	4.45127504700494	0.355541969498564	-0.257751014409249	0.30204468764181	-0.311248296266003	1.19301062954806	-0.864875953746637	1.1331297647476	-0.953388258765712	0.265990284943781	0.411508600518333	0.288962326273566	0.367444760480189	0.74892280614697	0.552000800044427	0	0	0	0
40869	4.23841147231539	0.0236673561882128	-0.0851512649587054	0.102578440479551	-0.00624018066736731	0.0917555008917228	-0.330121239808822	0.44462457403375	-0.0220845677857402	0.929077699428086	0.749521998523125	0.668006037820013	0.982904471453237	0.0755292842379081	0.971511364899158	0	0	0	0
40870	2.78003521093822	0.857764986721765	0.107777035200006	0.465132806661265	-0.284855144860493	2.91940326115293	0.366819155492476	1.76993677436137	-0.885032499607987	0.0186489174573921	0.722969352641415	0.113497708527673	0.401156463838951	3.10519586547683	0.0867891806377866	1	0	0	0
41016	7.05616134815017	1.07550647329922	0.721146444080025	0.64996530521779	0.295605275998591	4.96489404196069	3.32905079837481	3.35461077152508	1.2457144835362	0.000999315823593106	0.00993107333443858	0.00955396936202005	0.247027966441679	15.7333261700626	0.000897131934603232	1	1	1	0
41546	2.01912806818744	1.84810939460644	1.06663488934709	-0.524023907574705	-1.30549841283406	3.33001060009321	1.92191300921958	-1.05565995869143	-2.14735410304414	0.00991663343019084	0.0896814775178509	0.321006344375454	0.0629607182881349	6.50563279709115	0.0145098672109561	1	0	0	0
41780	3.73827489921361	1.20023481416276	0.358190729459515	0.71146271759781	-0.130581367105438	5.50210045351868	1.64201317254752	3.64644316434411	-0.546453086643561	0.000511295268939118	0.138006297291315	0.0061764389975633	0.599194583709446	13.0381128259222	0.00170012680794856	1	0	1	0
42092	5.02123809383254	1.73800502082027	0.847924549855483	0.475075179739381	-0.415005291225406	8.54887316814545	4.17075862614609	2.61261367079533	-1.86346336050133	2.21391768257178e-05	0.00290416361232429	0.0301761278594939	0.0982189194998431	30.3975874599779	8.27263510397125e-05	1	1	0	0
43098	2.24566349730027	1.13875215319243	1.87065577140513	0.679666768189932	1.41157038640263	2.61861743910656	4.30166635631295	1.74740625943963	2.96315766522181	0.0298917204097323	0.00242035713048339	0.117497872700641	0.0174214667911683	11.9262986296882	0.00228436858429804	1	1	0	0
43770	4.66548378256832	0.256995861896262	-0.377888237071661	0.334889007917903	-0.299995091050019	0.506617499435593	-0.744933370984188	0.738091078521738	-0.539855563963974	0.625661617757042	0.476961179317888	0.480891742470894	0.603536201603604	0.288206565817409	0.832830181941489	0	0	0	0
43826	4.99045255633955	0.832093348126122	0.272166237905514	0.304651299476016	-0.255275810744592	3.6501647523322	1.1939184595272	1.49416465311681	-1.0222555049833	0.00614261552283146	0.265653810330622	0.172299581433954	0.335651124702453	5.00336846993378	0.0292086703691067	1	0	0	0
44269	2.44116783276579	2.35963069642495	3.25335562995695	0.559700806065245	1.45342573959725	4.80980180229422	6.63154441759853	1.27554000010681	2.70448992287481	0.00122191168272221	0.000141574652758583	0.236804157907588	0.0261100854679757	24.797823232177	0.000176384698619075	1	1	0	0
44859	3.79903134626726	1.08385306049748	0.00585030942065723	0.686694190514024	-0.391308560562797	3.80345193496184	0.0205298776163542	2.69417563246005	-1.2535343811642	0.00490724116233071	0.984107750886428	0.026537215287425	0.24431239573288	5.38044974492221	0.0242312977609635	1	0	0	0
45370	2.14595139176179	2.52319741509183	2.06279219074336	0.814065232181902	0.35366000783343	9.75838952763991	7.97778627682796	3.51998758955183	1.24859688771587	8.11002224844223e-06	3.70709069983377e-05	0.00745154060464708	0.246024098493789	57.0784243007028	7.32725754824541e-06	1	1	1	0
46300	5.54678532132774	0.0755610948783492	0.0715760466714297	0.200046306294946	0.196061258088027	0.362443396827535	0.343328342830994	1.0728215609435	0.858505559352855	0.726115500795041	0.73992301710209	0.313677830112798	0.414819291759147	0.712344923771772	0.570739629371217	0	0	0	0
46302	5.52505425107595	0.375687479058584	0.263395686997764	0.336682632550264	0.224390840489445	1.76372089038045	1.23655032836914	1.76717215019475	0.961651337767601	0.114588414609288	0.250242277688588	0.113981616052755	0.363515342092746	2.84949479896091	0.102871427184085	0	0	0	0
46604	5.5376684403448	1.56060378470613	0.307014012052914	0.84115543645641	-0.412434336196804	7.30320335823891	1.43674248763498	4.40100640502278	-1.76191490357649	7.08683758027925e-05	0.187549812494148	0.0021113077101223	0.114907143327546	20.2221760663002	0.000370272594568469	1	0	1	0
46684	6.78262686224989	0.131622940135662	-0.0511390460915475	0.32442828099863	0.14166629477142	0.720075289299359	-0.279768582671914	1.9843580249268	0.707493138252601	0.491340888880939	0.786530473303301	0.0813452074492974	0.498723982515852	1.51171943657215	0.282064881802483	0	0	0	0
47113	2.66587763633525	1.19235790188217	1.46995067168504	1.00960079631505	1.28719356611792	4.77429715733688	5.88580098489994	4.51967808551832	4.70496123556904	0.00128010834151855	0.000324569959441492	0.00179682184057222	0.00140261468310518	33.1276654753274	5.98166847831489e-05	1	1	1	1
47273	3.05051251334774	0.506626143679658	0.0310492457786897	0.184500873273764	-0.291076024627204	2.20154199979388	0.134924380623614	0.896381346843716	-1.15466284135667	0.0578001461383002	0.895900302058872	0.395410287814702	0.280523934251717	1.62209445652994	0.257390070617238	0	0	0	0
47274	2.75193819433744	1.09575167957385	-0.00229142887934453	0.352068226229486	-0.745974882223705	2.49731619137396	-0.00522237159060939	0.897104895564836	-1.55201162330822	0.036203607510384	0.995957046387803	0.395045953504522	0.158060640312881	2.10626769194379	0.175450556573546	1	0	0	0
47455	4.8439133623683	0.976834332618698	0.421987432468665	0.823126585005951	0.268279684855917	4.13862152804742	1.78786331956454	3.8990287032501	1.0376047750986	0.00303819966256922	0.110406258708507	0.00427318523003577	0.328859297984679	11.2802199408542	0.00273989692327537	1	0	1	0
