,S3KO_126_Acetyl_norm,S3KO_127C_Acetyl_norm,S3KO_129N_Acetyl_norm,S3FL_127N_Acetyl_norm,S3FL_130N_Acetyl_norm,DFC_128N_Acetyl_norm,DFC_129C_Acetyl_norm,DKO_128C_Acetyl_norm,DKO_130C_Acetyl_norm,DKO_131_Acetyl_norm
710,88.2324301200876,37.68071028634677,44.856010019544634,35.237201412915404,41.487727900302446,12.00514852079325,29.134988557881996,64.7331772392264,71.0333628162746,71.42917347133313
711,43.22545195043612,34.65110543920331,47.57785528772089,22.755358950574795,21.23776547277387,22.02448300055303,19.262802352318676,78.80082865963554,77.11908631598352,81.19969786382624
712,63.291063051072406,75.74012117858648,57.92086730679064,22.08325974106415,21.3365457772984,23.017390021069765,14.447101764239008,73.52545937698213,99.46666113458677,104.53512505366417
713,64.8850601945809,46.29614907041098,52.803798202619284,22.851373123362034,18.274356337037982,15.254662406120744,7.584728426225478,71.3273888425432,97.57110791336595,89.07303305389352
714,310.1730912191815,275.03131502974213,200.11006411631803,80.26784845012881,100.75591061502023,58.852307034264655,54.89898670410823,327.732316684844,436.47607067584465,482.6449330971355
715,503.3280391972691,426.41688223544185,305.17329146792133,134.03578521098066,139.3790096841113,97.75620938360217,52.3707438953664,533.4717187083277,762.810522602859,874.0350655575877
716,5.250814119792674,6.248559997233384,6.205807211441854,1.536226764595767,0.9878030452452963,5.596385024730688,6.741980823311536,10.221027985141014,8.380340556976217,10.055102772856989
717,11.064215466705992,23.85813817125474,23.952238359951014,5.47280784887242,6.124378880520837,0.09026427459243046,0.3611775441059752,44.95054242927606,50.88063909592703,45.72225977846291
718,7.594927566128688,9.278164844376844,10.778507261977957,2.3043401468936504,1.7780454814415334,2.166342590218331,1.4447101764239008,19.233117176340613,20.452021597382434,20.110205545713978
719,18.096555805714036,16.284126053396093,18.18192639141736,1.7282551101702377,4.543894008128363,6.499027770654992,3.49138292635776,30.992794535588875,33.92042606395135,34.43398402402912
720,28.03559681817874,19.787106657905717,31.682278921571573,4.992736984936243,2.4695076131132407,1.624756942663748,7.343943396821495,43.30198952844687,53.57431998924082,47.809167901131346
721,139.42786778806615,321.2327889486799,414.9180926807878,33.124889611596224,47.21698556272516,50.638258046353485,52.3707438953664,663.927204927278,731.982841268268,621.70890163495
722,110.36086105349959,91.26684602019671,115.62398699212717,19.394862903021558,7.8036440574378405,14.352019660196442,21.429867616954528,199.69470805377654,228.56381209562514,224.15290426661383
723,12.376918996654158,13.349196357725866,13.064857287246008,1.7282551101702377,0.49390152262264814,2.166342590218331,0.24078502940398347,22.310415924555112,19.055298171219732,19.73076770522881
724,1061.1332748873874,996.3612941043052,1329.1314813558272,107.63188769449091,39.709682418860915,90.44480314161531,34.67304423417362,1733.50832698526,1773.140389513551,1654.9181412760663
725,832.1602734492853,919.2957208050934,958.5250296409488,35.429229758489875,66.57792524953298,40.88971639037099,20.466727499338592,1428.526040331859,1644.841366224606,1560.9124162958656
726,59.54048153693478,49.98847997786707,70.98572459403665,1.7282551101702377,6.914621316717074,6.679556319839854,4.574915558675685,120.34436176053127,129.5959807560965,124.55047113925687
727,276.230328516236,310.6291719836778,362.5497897210767,5.3767936760851835,8.989007711732196,8.484841811688463,6.019625735099586,459.50664522445777,472.3918159200284,470.59778166173135
728,110.82968374276679,104.80539268086905,97.22431297925571,1.9202834557447086,0.49390152262264814,1.9858140410334701,4.93609310278166,141.9953565247547,172.0962792950473,187.44229319967368
729,545.428316693464,549.5892543021181,714.6476936123566,3.4565102203404754,11.063394106747317,10.380391578129501,7.223550882119504,951.6546378853335,993.5691857967398,929.2432713481799
730,571.0260355274532,486.81962887536463,520.4168152752993,19.874933766957735,2.4695076131132407,9.568013106797627,0.6019625735099586,749.6519557703962,903.1812269322106,889.9714548579649
731,216.12725975218058,214.5338932383462,264.99885530963985,2.7844110108298272,3.457310658358537,1.0831712951091654,0.0,372.02343795378846,389.3865380223592,370.9953485343744
3093,11.533038155973195,13.443871509199099,15.02458588033291,10.657573179383132,11.063394106747317,9.658277381390057,11.678073926093196,18.79350306945283,15.763021523836219,12.995746036617051
3250,28.785713121006264,28.78124604786286,126.40249425410512,24.867670751893975,31.708477752374012,60.11600687855867,275.33768112345507,115.61851011148758,50.182277382845676,31.303621840026477
3817,16.315029586498664,22.153985444736545,21.12151928104771,8.641275550851189,10.371931975075611,8.575106086280893,14.206316734835024,27.14617110032075,26.437979138079733,28.078400195902535
3936,12.939506223774803,13.917247266565266,16.87544066269276,12.001771598404428,13.928022937958676,9.74854165598249,13.24317661721909,23.29954766505263,22.64687269563811,35.9517353859698
4692,17.15891042717963,21.491259384423913,18.617421634325563,16.898494410553436,18.37313664156251,14.713076758566164,19.623979896424654,31.432408642476663,34.31948989999784,29.216713717358044
4693,312.8922628169313,299.93087986720246,361.6787992352603,223.3289659031096,202.4008439707612,183.5072702464111,195.27665884663057,535.6697892427666,529.8570083107224,537.947998347849
4694,24.566308917601436,19.88178180937895,17.85530495923621,2.1123118013191795,0.8890227407207667,0.9929070205167351,2.2874577793378426,25.71742525293545,28.53306427732379,27.50924343517478
4945,10.501628239585347,5.49115878544752,6.641302454350054,7.105048786255423,7.112181925766134,8.21404898791117,6.862373338013529,6.1545974964289965,8.480106515987838,9.770524392493112
5232,5.625872271206436,8.331413329644514,9.472021533253356,4.704694466574536,5.630477357898189,7.852991889541449,1.5651026911258925,9.012089191199602,6.584553294767027,9.675664932371818
5233,145.7100918242467,174.4863041651686,185.73872110034742,131.53941671851254,125.74732765972621,143.7909894257417,144.95258770119804,262.339718285286,291.5161322319584,276.4204667934459
5234,28.03559681817874,20.923208475584516,18.508547823598512,10.94561569774484,12.643878979139792,4.964535102583675,12.280036499603154,27.036267573598806,29.33119194941676,34.24426510378654
5235,15.56491328367114,17.42022787107489,17.202062094873913,13.730026708574668,7.013401621241603,8.665370360873323,4.695308073377677,24.1787758788282,27.53540468720757,27.983540735781244
5236,3.0004652113100994,5.49115878544752,4.463826239809053,6.913020440680951,1.6792651769170037,2.4371354139956223,2.2874577793378426,5.495176336097318,10.47542569622027,11.003697374069912
5653,261.2280024596855,254.8655077659435,260.3172814483767,157.84730006221506,145.79972947820573,132.5079551016879,127.61606558411123,347.9545656016822,372.42632499038353,362.4579971234581
5654,24.753837993308316,24.236838777147675,16.22219779833046,2.1123118013191795,7.013401621241603,5.1450636517685355,0.3611775441059752,28.684820474428005,32.82300051482351,34.623702944271706
5655,25.31642522042896,24.994239988933536,24.932102656494465,2.400354319680886,2.370727308588711,5.957442123100409,10.353756264371288,29.673952214925517,27.734936605230814,31.20876237990518
5716,4.969520506232351,8.615438784064212,5.552564347079553,2.8804251836170627,5.43291674884913,7.672463340356588,9.87218620556332,5.165465755931479,2.893212811337027,7.019600048975634
6148,37.03699245210904,31.905526046479558,30.26691938211992,33.22090378438346,23.50971247683805,18.684704840633103,27.81067089616009,40.00488372678848,52.5766603991246,53.02643820780242
6149,9.56398286105094,7.763362420805113,10.996254883432057,1.2481842462340607,3.8524318764566554,1.2636998442940262,0.3611775441059752,9.781413878253227,16.361617277905946,13.280324416980928
6150,19.971846562782847,25.940991503665867,36.03723135065358,1.3441984190212959,3.8524318764566554,7.130877692802006,5.778840705695603,49.01697291798808,41.103575112788114,44.77366517724999
6151,36.75569883854872,39.1955127099185,62.929062600234936,4.992736984936243,2.370727308588711,3.9716280820669403,6.862373338013529,74.1848805373138,80.01229912732055,71.71375185169701
6152,116.64308508968011,122.50964600636364,147.63288734587988,6.528963749532009,6.2231591850453665,6.950349143617145,15.410241881854942,182.22004730498708,214.895875711033,226.14495292916098
6356,178.43391553509747,194.08406052012785,221.44933101881983,4.416651948212829,6.025598575996307,7.672463340356588,7.705120940927471,316.41225343248357,310.4716644441665,340.54546183543954
7787,37.69334421708312,9.75154060174301,18.617421634325563,11.809743252829959,8.396325884585018,4.332685180436662,9.992578720265314,22.750030031442897,24.741957834882164,27.88868127565995
7788,11.626802693826635,8.804789087010679,11.105128694159106,3.168467701978769,0.5926818271471778,3.5203067091047875,5.056485617483653,12.41909851957994,16.860447072964053,14.134059558072561
7789,15.002326056550496,15.148024235717296,5.661438157806604,4.896722812149006,3.3585303538340074,1.3539641188864566,1.324317661721909,32.42154038297418,47.98742628459001,52.36242198695338
7790,11.157980004559432,15.432049690136996,15.13345969105996,1.2481842462340607,2.0743863950151225,3.700835258289648,1.4447101764239008,17.58456427551142,19.354596048254596,21.627956907654657
7791,43.31921648828956,39.4795381643382,41.37204807627903,4.512666121000065,0.9878030452452963,3.249513885327496,1.0835326323179255,68.35999362105065,67.94061808691433,76.64644377800421
7792,1278.3857090938093,1275.2742903444498,1006.5383801715778,36.96545652308564,56.30477357898189,52.80460063657181,26.125175690332203,1649.432129042971,2102.866884046961,2358.2061786153276
8147,228.4104142109813,302.01373319961357,165.81481373729727,199.22940853351352,183.4350255020515,188.5620696235872,178.06052924424577,182.11014377826513,247.51934430783325,294.53862367661276
8159,10.314099163878465,14.485298175404665,9.472021533253356,5.760850367234125,12.051197151992614,10.10959875435221,11.437288896689214,13.62803731352135,9.876829942150541,15.36723253964936
8162,5.532107733352996,8.52076363259098,2.504097646722151,3.072453529191534,4.9390152262264815,4.603478004213953,2.8894203528478015,6.704115130038728,6.285255417732163,7.588756809703388
8168,7.8762211796890105,22.153985444736545,11.105128694159106,6.72099209510648,3.556090962883067,14.261755385604012,21.309475102252534,8.79228213775571,9.178468229069189,16.220967680740994
8171,8.157514793249332,2.5562290897772937,3.0484667003574017,7.4891054774043635,2.173166699539652,7.852991889541449,2.4078502940398345,9.891317404975172,7.382680966860001,7.588756809703388
8176,7.969985717542451,5.775184239867219,2.9395928896303523,1.4402125918085313,1.6792651769170037,1.173435569701596,0.842747602913942,7.25363276364846,11.074021450290001,8.537351410916312
8275,122.26895736088655,129.70495751832934,105.06322735160332,108.11195855842709,95.22421356164656,84.2165681947376,84.03397526199022,157.38185026582718,189.25602424504623,212.67490959193745
8276,289.7324219671315,301.91905804814036,349.4849324338307,286.8903482882595,257.71781450449777,268.2654240887033,389.10860751683725,489.4004044928272,515.3909442540373,525.7111279922023
8277,75.76174658558,104.04799146908319,94.93796295398766,88.14101061868212,72.10962230290663,76.99542622734317,81.26494742384442,130.5653897456723,155.43536414010651,151.96485511431032
8278,14.439738829429853,13.7278969636188,14.69796444815176,9.985473969872485,8.890227407207666,10.10959875435221,13.724746676027058,10.550738565306851,18.45670241715,21.343378527290778
8280,84.57561314380342,72.33181572555009,91.9983700643573,11.329672388893782,11.359735020320906,7.040613418209575,6.741980823311536,126.93857336384805,145.25923632092108,137.8307955562378
8281,29.62959396168723,30.76942422880076,38.976824240283925,2.8804251836170627,1.8768257859660629,0.9026427459243045,3.130205382251785,45.609963589607744,57.06612855464758,53.50073550840889
8282,47.819914305254706,47.71627634250948,46.92461242335858,1.2481842462340607,3.3585303538340074,2.9787210615502047,4.695308073377677,72.5363276364846,69.53687343110028,72.28290861242478
8343,25.785247909696164,24.71021453451384,17.63755733778211,23.52347233287268,25.781659480902235,19.67761186114984,13.604354161325066,28.355109894262164,25.939149343021622,26.750367754204444
8737,42.569100185462034,31.810850895006322,30.15804557139287,9.601417278723543,16.39753055107192,10.10959875435221,6.140018249801577,47.80803412404667,60.75746903807757,59.76145987641418
9471,20.25314017634317,19.692431506432484,21.557014523955914,10.369530661021427,11.952416847468085,10.199863028944641,13.122784102517098,24.618389985715986,34.1199579819746,46.386275999311955
9472,12.56444807236104,17.514903022548122,17.31093590560096,5.088751157723477,3.7536515719321257,3.791099532882079,1.2039251470199173,21.21138065733565,25.34055358895189,27.129805594689614
9715,16.783852275765867,18.745679991700154,23.625616927769865,7.873162168553304,5.23535613980007,6.589292045247422,20.3463349846366,30.113566321813302,28.33353235930054,31.777919140632935
9716,8.626337482516535,9.562190298796542,6.205807211441854,2.3043401468936504,1.086583349769826,1.805285491848609,6.380803279205561,6.814018656760675,9.378000147092434,15.556951459891945
10034,4.59446235481859,7.289986663438949,6.0969334007148035,6.817006267893715,2.2719470040641814,0.9929070205167351,3.009812867549793,10.990352672194636,11.074021450290001,9.106508171644066
10035,209.46997756458632,217.46882293401643,234.29644068461172,122.80212699487411,95.52055447522015,104.70655852721931,98.48107702622923,358.50530416698905,367.4380270398025,419.18395427599086
10973,13.033270761628243,8.615438784064212,8.709904858164006,2.016297628531944,3.8524318764566554,1.805285491848609,7.945905970331453,13.957747893687188,12.570510835464326,15.556951459891945
11056,5.250814119792674,5.301808482501054,2.9395928896303523,8.257218859702247,4.741454617177422,4.422949455029093,2.5282428087418265,6.704115130038728,9.378000147092434,10.339681153220866
11059,62.8222403618052,60.308071488449485,71.9655888905801,45.318689555575126,40.20358394148356,25.273996885880525,41.294632542783155,105.9469997599563,102.06057606888892,106.90661155669648
11060,22.222195471265422,17.609578174021358,21.992509766864114,15.362267645957669,12.742659283664322,13.178584090494844,11.437288896689214,37.916716719071495,36.31480908023027,35.76201646572722
11061,7.501163028275248,5.5858339369207535,1.8508547823598511,1.4402125918085313,1.086583349769826,0.9026427459243045,5.899233220397595,13.188423206633564,10.076361860173785,9.485946012129235
11062,163.15029586498665,173.82357810485595,193.79538309414912,27.940124281085513,24.398735217558816,25.093468336695665,34.79343674887561,264.31798176628104,272.06177022469217,292.07227771345913
11063,88.41995919579448,93.63372480702753,104.40998448724102,17.666607792851316,8.890227407207666,11.914884246200819,13.122784102517098,124.74050282940912,141.9669596735376,155.37979567867689
11064,195.6865905001305,208.09598293816637,249.75652180785286,34.9491588945537,20.546303341102163,29.155360693355032,24.800858028610296,314.65379700493247,317.45528157498,340.1660239949544
11977,13.783387064455768,16.946852113708722,22.319131199045263,9.02533224200013,14.224363851532267,11.373298598646237,15.891811940662906,31.762119222642497,36.01551120319541,34.33912456390783
11978,14.439738829429853,9.18348969290361,11.322876315613208,4.896722812149006,1.2841439588188852,1.3539641188864566,4.93609310278166,19.452924229784507,15.463723646801352,15.462091999770653
11979,50.44532136515104,63.243001184119706,60.969334007148035,12.57785663512784,15.607288114875681,14.622812483973732,16.012204455364902,87.59311079739126,103.45729949505163,105.86315749536226
11980,5.344578657646115,6.911286057546016,8.601031047436956,0.8641275550851188,0.6914621316717073,4.06189235665937,3.611775441059752,8.79228213775571,10.37565973720865,8.347632490673728
12227,17.53396857859339,12.023744237100603,20.794897848866565,14.402125918085314,18.96581846870969,8.394577537096032,9.390616146755354,28.794724001149948,32.324170719765405,27.319524514932198
12228,61.884594983270794,58.793269064877755,69.24374362240384,65.2896374953201,49.587712871313876,45.222401570807655,61.52057501271777,110.78275493572194,103.35753353604001,117.62573055040251
12229,58.884129771960694,56.23703997510046,26.238588385219067,42.72630689031977,36.054811151453315,27.259810926913996,17.33652211708681,60.4469396970705,75.82212884883243,94.66974120104976
12230,112.14238727271496,113.04213085904033,131.8461847904576,126.45066556078905,88.30959224492949,102.35968738781614,134.47843892212475,225.6319403601559,217.2902587273119,201.57635275774624
12231,34.97417261933334,24.42618908009414,26.129714574492017,18.05066448400026,23.213371563264463,6.499027770654992,10.714933808477264,37.36719908546176,42.500298538950815,46.86057329991842
12232,209.37621302673287,216.90077202517702,205.6626284633976,166.20053309470453,168.1240783007494,52.44354353820209,129.06077576053514,328.9412554787855,354.6679842863149,341.1146185961673
12233,57.00883901489188,47.810951493982714,34.404124189747826,43.494420272617646,40.10480363695903,26.35716818098969,17.697699661192782,67.04115130038728,94.9771929790638,99.03327636662922
12234,56.72754540133156,47.810951493982714,36.79934802574292,35.237201412915404,32.004818665947596,25.273996885880525,33.10794154304772,69.01941478138231,80.2118310453438,85.94267086989086
12235,30.098416650954434,15.24269938719053,19.923907363050162,15.55429599153214,9.680469843403904,4.513213729621523,22.152222705166476,27.805592260652432,29.33119194941676,33.4853894228162
12236,10.032805550318143,12.781145448886468,15.13345969105996,6.913020440680951,6.124378880520837,1.5344926680713176,4.334130529271702,22.859933558164844,21.848745023545135,18.213016343288132
12237,7.032340339008045,15.526724841610227,24.823228845767417,6.432949576744774,8.29754558006049,7.311406241986866,10.353756264371288,32.86115448986196,33.720894145928106,24.094302870808257
12335,9.001395633930297,8.899464238483912,9.254273911799256,8.545261378063953,5.828037966947249,7.311406241986866,8.42747602913942,14.50726552729692,14.266532138661894,17.45414066231779
12336,23.06607631194639,28.78124604786286,30.26691938211992,19.874933766957735,16.29875024654739,11.012241500276515,17.216129602384818,31.322505115754716,36.713872916276756,46.575994919554546
12337,8.813866558223417,8.899464238483912,9.580895343980407,10.177502315446954,6.321939489569896,6.860084869024714,9.87218620556332,12.309194992857993,16.361617277905946,17.45414066231779
12338,73.2301040635371,57.37314179277926,61.187081628602144,46.95093049295812,46.72308404010251,51.08957941931563,37.321679557617436,95.50616472137139,101.0629164787727,110.79584942166946
12339,177.4025056187096,163.40931144280032,181.71039010344657,146.70965601889574,121.79611547874502,139.0069828723429,143.14669998066816,282.67187072884605,311.07026019823627,310.75959135735377
12340,67.22917364091691,92.49762298934874,95.04683676471471,47.91107222083048,46.426743126528926,46.576365689694114,91.97988123232169,145.0726552729692,135.88123617382865,93.24684929923038
12443,15.096090594403938,10.887642419421807,20.359402605958362,14.018069226936372,14.224363851532267,12.27594134457054,23.837717910994364,22.969837084886787,16.860447072964053,16.60040552122616
12444,24.191250766187675,19.408406052012786,15.13345969105996,21.98724556827691,18.76825785966063,12.817526992125122,7.464335911523487,33.41067212347169,35.5166814081373,38.70265972948727
12445,9.4702183231975,8.615438784064212,10.778507261977957,5.664836194446891,8.890227407207666,10.560920127314361,13.845139190729048,15.716204321238331,16.261851318894326,13.375183877102222
12446,14.814796980843616,19.88178180937895,15.02458588033291,13.826040881361902,15.80484872392474,12.727262717532692,16.85495205827884,29.124434581315786,30.927447293602704,31.777919140632935
12447,7.8762211796890105,2.3668787868308274,6.750176265077105,5.3767936760851835,1.7780454814415334,4.513213729621523,6.862373338013529,10.550738565306851,13.368638507557298,12.90088657649576
12500,11.720567231680075,10.224916359109175,12.95598347651896,8.545261378063953,8.791447102683136,7.672463340356588,10.714933808477264,15.056783160906651,18.855766253196485,22.291973128503702
12935,158.93089166158182,156.30867508230784,157.54040412204145,113.48875223451228,117.94368360228837,98.02700220737947,93.54498392344757,218.37830759650743,234.45000367731083,255.93082340724678
13196,7.032340339008045,2.0828533324111285,10.234138208342706,5.1847653305107135,8.396325884585018,4.332685180436662,5.056485617483653,14.177554947131082,9.77706398313892,9.675664932371818
13197,14.15844521586953,15.24269938719053,17.528683527055062,6.72099209510648,5.729257662422718,6.228234946877701,8.186690999735438,23.29954766505263,18.356936458138378,24.66345963153601
13198,8.907631096076857,9.088814541430377,9.907516776161556,2.2083259741064145,2.0743863950151225,4.332685180436662,5.538055676291619,14.287458473853027,11.373319327324866,14.134059558072561
13393,15.56491328367114,14.39062302393143,14.48021682669766,6.432949576744774,10.47071227960014,8.755634635465753,6.380803279205561,26.047135833101287,26.637511056102973,29.406432637600627
13525,6.469753111887401,2.5562290897772937,21.557014523955914,6.913020440680951,6.618280403143485,1.173435569701596,4.93609310278166,16.92514311517974,5.287595827615946,2.5612054232748935
13564,4.78199143052547,9.562190298796542,2.3952238359951017,2.3043401468936504,3.6548712674075965,6.769820594432284,5.899233220397595,6.374404549872889,9.976595901162163,9.580805472250526
13565,7.594927566128688,8.615438784064212,2.3952238359951017,5.1847653305107135,3.0621894402604184,0.6318499221470131,0.6019625735099586,9.451703298087388,14.865127892731623,17.928437962924253
13566,400.4683411720448,382.582287103335,414.04710219497144,38.213640769319696,44.74747794961192,30.59958908683392,30.820483763709884,494.0163526151489,621.9409884784492,648.0798315486694
13567,778.1518996457036,928.7632359524167,994.4533871808753,39.65385336112823,43.95723551341568,47.569272710210846,60.677827409803825,1203.7733281854785,1358.5130638612518,1350.4192742867178
13568,82.70032238673461,90.13074420251792,115.51511318140011,4.992736984936243,0.2963409135735889,4.422949455029093,1.2039251470199173,118.47600180625818,149.54917255842082,144.47095776472827
14309,10.97045092885255,8.615438784064212,7.294545318712355,1.2481842462340607,4.741454617177422,2.4371354139956223,0.9631401176159339,14.836976107462759,10.176127819185405,14.987794699164192
14310,19.596788411369083,27.7398193816573,18.72629544505261,2.8804251836170627,2.864628831211359,6.408763496062561,4.574915558675685,38.13652377251539,49.68344758778757,49.6114976434359
14439,150.3045541790653,119.2906908562737,121.93866801429607,78.92365003110753,61.540129718781955,40.16760219363155,41.89659511629312,158.26107847960276,188.25836465493,199.20486625471392
14440,6.751046725447723,6.343235148706618,9.363147722526305,3.6485385659149463,0.49390152262264814,0.09026427459243046,7.464335911523487,8.902185664477654,9.477766106104054,7.873335190067266
14441,15.283619670110818,12.591795145940003,16.548819230511608,1.1521700734468252,0.19756060904905925,1.0831712951091654,1.0835326323179255,21.870801817667324,29.23142599040514,31.0190434596626
14462,41.06886757980698,48.75770300871505,37.99695994374047,33.02887543880899,30.819455011653243,31.95355320572038,36.47893195470349,35.93845323807646,45.89234114534595,51.12924900537657
14887,23.62866353906703,17.514903022548122,17.746431148509163,18.434721175149203,15.903629028449272,8.03352043872631,10.47414877907328,26.157039359823237,32.124638801742165,41.45358407300476
14888,231.2233503465845,175.24370537695447,196.9527236052336,185.21133930657714,144.7131461284359,116.5311784988277,139.65531705431042,316.5221569592055,367.83709087584896,431.13624625127375
14889,15.283619670110818,6.532585451653084,8.709904858164006,1.6322409373830022,1.7780454814415334,1.5344926680713176,0.7223550882119504,15.386493741072492,17.85810666308027,16.505546061104866
14890,9.37645378534406,5.301808482501054,5.552564347079553,5.280779503297949,0.19756060904905925,5.957442123100409,8.668261058543404,11.539870305804369,10.97425549127838,14.323778478315145
15028,7.126104876861485,4.544407270715189,7.185671507985304,6.624977922319245,6.914621316717074,3.1592496107350656,3.370990411655768,8.902185664477654,14.964893851743245,11.28827575443379
15168,19.971846562782847,24.236838777147675,19.27066449868786,4.224623602638359,6.124378880520837,0.09026427459243046,4.815700588079669,30.663083955423033,27.63517064621919,33.76996780318008
15240,101.35946541956928,85.30231147738301,48.66659339499138,42.24623602638359,33.38774292929101,28.704039320392884,20.10554995523262,92.75857655332274,146.05736399301406,180.42269315069802
15241,23.81619261477391,21.207233930004215,23.081247874134615,1.4402125918085313,1.1853636542943555,1.3539641188864566,1.2039251470199173,22.090608871111222,42.699830456974055,35.287719165120755
16058,10.501628239585347,14.863998781297596,12.084992990702558,7.969176341340542,11.260954715796379,6.769820594432284,5.658448190993611,16.485529008291955,16.760681113952433,20.774221766563024
16059,35.63052438430743,48.85237816018828,40.718805211916724,27.07599672600039,32.10359897047213,34.21016007053114,32.385586454835774,60.00732559018272,55.17057533342676,67.16049776587498
16060,8.626337482516535,10.13024120763594,9.798642965434507,8.929318069212895,4.148772790030245,6.04770639769284,2.648635323443818,11.979484412692154,12.570510835464326,12.995746036617051
16061,10.407863701731905,9.46751514732331,6.532428643623004,5.760850367234125,2.4695076131132407,3.881363807474509,2.7690278381458096,5.055562229209532,9.078702270057567,12.616308196131882
16062,719.0802407980359,881.1416347613805,825.4812329324936,220.44854071949254,245.96295826607877,220.96694420226976,243.79484227153324,866.9190187827129,839.0317152877379,935.6937146364277
16063,113.54885534051657,148.8293381159224,157.54040412204145,42.054207680809114,39.31456120076279,53.43645055871883,61.40018249801578,198.15605867966931,210.20687563748677,226.52439076964615
16219,12.56444807236104,14.485298175404665,16.87544066269276,7.681133822978834,1.8768257859660629,3.9716280820669403,1.2039251470199173,23.958968825384307,24.841723793893784,31.11390291978389
16220,9.4702183231975,8.615438784064212,8.709904858164006,2.4963684924681213,1.086583349769826,5.1450636517685355,2.648635323443818,11.100256198916583,13.867468302615407,13.849481177708682
16863,32.16123648373012,38.15408604371294,35.27511467556422,6.240921231170303,3.8524318764566554,4.1521566312518,10.112971234967306,45.500060062885794,43.89702196511352,39.27181649021503
17321,12.56444807236104,14.295947872458198,17.528683527055062,3.7445527387021817,5.3341364443246,1.3539641188864566,0.7223550882119504,15.276590214350545,16.561149195929193,26.27607045359798
17322,32.25500102158357,37.017984226034145,40.17443615828147,17.85863613842579,15.212166896777562,14.803341033158592,14.206316734835024,53.96263162047567,75.12376713575108,75.31841133630613
17323,68.3543480951582,55.66898906626106,54.219157742070934,22.371302259425857,20.447523036577632,19.587347586557406,12.52082152900714,91.87934833954715,99.46666113458677,100.74074664881248
17324,53.8208447278749,56.899766035413094,62.60244116805379,12.865899153489549,12.643878979139792,9.297220283020337,13.002391587815108,85.17523320950843,86.6966183810992,91.63423847716841
17325,87.57607835511352,122.60432115783686,148.0683825887881,1.0561559006595898,2.370727308588711,3.068985336142635,5.056485617483653,136.61008371537932,145.3590022799327,150.73168213273354
17326,367.18193023407343,312.99605077050865,341.6460180614831,4.512666121000065,2.2719470040641814,0.9026427459243045,0.842747602913942,388.94858106896817,423.40673004532215,438.25070576037064
17641,6.000930422620199,4.8284327251348875,2.068602403813951,5.664836194446891,5.03779553075101,5.596385024730688,7.584728426225478,7.803150397258191,7.482446925871622,6.165864907884003
17643,27.191715977497775,18.93503029464662,16.76656685196571,15.55429599153214,12.940219892713381,11.283034324053807,14.206316734835024,23.739161771940417,26.737277015114596,30.639605619177427
17645,6.188459498327079,7.479336966385415,6.750176265077105,1.6322409373830022,1.2841439588188852,1.624756942663748,3.7321679557617435,9.67151035153128,9.77706398313892,14.51349739855773
17646,19.409259335662203,19.88178180937895,17.202062094873913,0.2880425183617063,5.136575835275541,3.5203067091047875,0.6019625735099586,17.694467802233365,32.024872842730545,27.224665054810902
17946,9.001395633930297,10.13024120763594,14.48021682669766,7.969176341340542,9.384128929830315,9.83880593057492,8.30708351443743,17.144950168623634,14.466064056685136,13.280324416980928
17947,7.501163028275248,6.153884845760151,2.830719078903302,5.760850367234125,2.5682879176377704,5.3255922009533965,2.2874577793378426,8.352668030867923,9.378000147092434,7.399037889460803
17991,271.44833708571053,283.6467538138064,300.38284379593114,68.07404850614992,42.87065216364586,61.560235272037566,42.859735233909056,410.15996172630383,458.0255178223549,471.07207896233786
17992,12.095625383093838,17.13620241665519,17.63755733778211,0.6720992095106479,5.23535613980007,5.506120750138257,4.93609310278166,22.310415924555112,24.54242591685892,27.319524514932198
18021,44.53815548038428,49.041728463134746,61.513703060783286,42.15022185359635,52.25478109347617,46.8471585134714,56.58448190993611,90.23079543871796,96.57344832324974,96.94636824396079
18022,44.16309732897052,153.84712114400378,152.8588302607783,122.2260419581507,119.12904725658272,192.35316915646928,166.50284783285457,257.2841560560764,278.0477277653895,246.16029901475363
18023,188.37295654756218,164.45073810900587,207.62235705648447,161.20779610976828,130.48878227690363,129.25844121636038,183.95976246464338,293.4424163475968,313.06557937846867,332.10296988464455
18024,11.064215466705992,5.396483633974287,3.0484667003574017,4.992736984936243,5.729257662422718,2.6176639631804828,1.9262802352318678,11.100256198916583,11.971915081394595,16.031248760498407
18025,5.8134013469133174,2.2722036353575943,8.056661993801706,2.2083259741064145,4.741454617177422,1.3539641188864566,3.130205382251785,8.79228213775571,8.978936311045947,6.355583828126588
18026,44.069332791117084,61.16014785170858,57.267624442428335,35.71727227685158,31.60969744784948,32.946460226237114,45.387978042650886,88.69214606461072,86.59685242208757,87.27070331158896
18027,178.52768007295091,183.0070677977596,143.27793491679788,81.51603269636288,73.49254656625004,58.852307034264655,55.86212682172416,216.94956174912213,302.1910898462019,313.60537516099254
18028,8.157514793249332,6.721935754599549,8.818778668891055,2.6883968380425918,0.6914621316717073,2.166342590218331,2.8894203528478015,11.539870305804369,11.772383163371353,10.14996223297828
18029,32.91135278655765,42.88784361737459,38.432455186648674,0.6720992095106479,3.951212180981185,5.3255922009533965,4.695308073377677,59.897422063460766,64.84787335755406,71.80861131181831
18030,197.84317487075967,196.7349647613784,223.953428665542,2.2083259741064145,1.1853636542943555,2.5273996885880523,8.909046087947388,302.2346984853525,334.8145584430022,354.67952139351206
18450,12.939506223774803,15.810750296029926,20.359402605958362,9.985473969872485,9.186568320781255,9.83880593057492,11.678073926093196,24.948100565881823,26.737277015114596,28.078400195902535
18451,29.254535810273467,24.42618908009414,29.17818127484942,2.2083259741064145,3.6548712674075965,2.0760783156259,0.12039251470199173,50.11600818520754,45.89234114534595,54.35447064950051
18452,17.721497654300272,15.148024235717296,16.87544066269276,1.9202834557447086,0.6914621316717073,2.166342590218331,0.842747602913942,27.365978153764644,31.027213252614327,30.73446507929872
18506,57.290132628452206,60.11872118550302,67.1751412185899,53.3838800697029,35.75847023787973,40.348130742816416,73.92100402702292,98.25375288942006,103.35753353604001,107.00147101681777
18507,25.879012447549606,28.68657089638963,36.25497897210767,15.458281818744906,12.347538065566203,11.644091422423529,14.68788679364299,39.78507667334459,47.08953265348541,52.26756252683209
18508,5.063285044085792,9.846215753216242,10.887381072705008,1.8242692829574731,1.2841439588188852,4.06189235665937,1.685495205827884,9.012089191199602,10.076361860173785,8.632210871037604
18509,121.2375474444987,111.05395267810242,123.68064898592887,31.10859198306428,26.86824283067206,13.268848365087276,35.275006807683575,173.9772828008411,173.59276868022164,180.80213099118322
18849,49.13261783520287,43.26654422326753,41.04542664409788,36.38937148636223,28.053606484966412,31.68276038194309,39.72952985165727,69.45902888827011,74.52517138168136,61.75350853896131
18850,62.07212405897768,60.21339633697625,50.84406960953238,41.958193508021886,38.52431876456655,40.799452115778564,36.47893195470349,91.11002365249354,88.79170352034325,84.33006004782891
18851,13.220799837335123,15.148024235717296,12.95598347651896,12.001771598404428,8.29754558006049,12.00514852079325,14.928671823046974,22.530222977999006,22.54710673662649,26.845227214325735
19402,11.814331769533515,14.67464847835113,14.044721583789459,14.018069226936372,14.026803242483206,12.00514852079325,16.975344572980834,24.28867940555015,25.54008550697514,27.414383975053486
19403,47.63238522954782,50.556530886706476,45.182631451725776,30.43649277355363,28.251167094015475,22.566068648107613,21.309475102252534,60.6667467505144,81.70832043051811,87.46042223183154
19404,2.344113446336015,6.627260603126317,5.661438157806604,1.536226764595767,1.1853636542943555,1.805285491848609,6.741980823311536,10.770545618750745,9.77706398313892,12.331729815768005
19405,41.63145480692762,58.60391876193129,58.90073160333409,4.800708639361772,6.124378880520837,8.21404898791117,0.9631401176159339,78.03150397258192,79.61323529127405,82.33801138528176
19529,8.157514793249332,13.1598460547794,14.69796444815176,13.63401253578743,12.051197151992614,6.589292045247422,9.14983111735137,22.530222977999006,22.247808859591625,25.422335312506352
19531,151.33596409545314,142.86480357310876,193.68650928342208,122.32205613093794,94.0388499073522,112.74007896594564,135.4415790397407,265.52692056022244,296.3048982645162,292.83115339442946
19532,163.3378249406935,163.50398659427356,224.71554534063134,141.90894737953397,108.65833497698259,127.72394854828909,173.3652211708681,329.930387219283,357.76072901567517,333.5258617864639
19533,63.94741481604649,49.42042906902768,39.63006710464622,24.387599887957798,22.719470040641813,11.283034324053807,14.206316734835024,59.457807956572985,94.67789510202893,112.69303862409531
19534,13.87715160230921,10.13024120763594,15.568954933968161,1.9202834557447086,5.43291674884913,3.5203067091047875,1.5651026911258925,22.200512397833165,23.544766326742707,21.72281636777595
19978,402.5311610048205,410.4167816364655,383.88905662357854,210.65509509519453,181.65698002060998,149.56790299965724,158.5569418625231,576.8836117634964,677.0117978528644,728.0463564309188
19979,33.473940013678295,37.87006058929324,28.96043365339532,13.057927499064018,17.879235118939864,17.511269270931507,15.289849367152948,45.28025300944191,53.37478807121757,59.571740956171595
19980,5.157049581939233,8.426088481117747,8.383283425982855,2.1123118013191795,4.148772790030245,3.791099532882079,0.9631401176159339,11.75967735924826,11.572851245348108,8.44249195079502
19981,36.19311161142807,38.532786649605875,34.51299800047487,17.282551101702378,14.915825983203973,17.059947897969355,17.216129602384818,51.98436813948063,59.260979652903245,54.449330109621805
19982,161.6500632593316,158.01282780882605,123.68064898592887,59.81682964644767,79.91326636034448,73.47511951823839,61.03900495390981,218.59811464995133,248.6167698569611,269.87516404507676
19983,94.88971230768189,75.74012117858648,106.26083926960087,28.42019514502169,23.213371563264463,19.406819037372546,38.52560470463735,123.9711781423555,131.29200205929405,144.37609830460696
19984,40.693809428393216,41.089015739383164,27.436200303216616,12.289814116766136,7.704863752913311,11.283034324053807,9.02943860264938,46.049577696495525,66.84319253778649,65.45302748369173
19985,5.532107733352996,8.710113935537445,1.9597285930869013,1.4402125918085313,1.3829242633434147,5.957442123100409,1.805887720529876,9.121992717921549,10.37565973720865,10.244821693099574
19986,14.25220975372297,14.201272720984965,21.992509766864114,1.7282551101702377,4.9390152262264815,2.5273996885880523,2.2874577793378426,26.70655699343297,26.138681261044866,20.110205545713978
19987,9.845276474611262,9.562190298796542,13.282604908700108,1.3441984190212959,1.580484872392474,1.9858140410334701,0.842747602913942,15.826107847960277,13.568170425580542,15.462091999770653
19988,103.04722710093122,107.55097207359279,122.80965850011248,8.737289723638424,10.76705319317373,15.074133856935884,18.78123229351071,180.24178382399205,193.44619452353436,188.96004456161435
19989,162.8690022514263,171.26734901507868,213.61041664647223,7.77714799576607,8.890227407207666,12.27594134457054,11.437288896689214,318.3905169134786,301.4927281331206,313.22593732050734
20118,30.754768415928513,19.787106657905717,30.15804557139287,25.731798306979098,19.163379077758748,25.81558253343511,45.86954810145885,36.37806734496425,27.834702564242434,16.695264981347457
20423,1.9690552949222526,6.059209694286919,7.947788183074655,5.088751157723477,1.9756060904905925,0.9929070205167351,5.778840705695603,7.1437292369265135,9.178468229069189,8.727070331158895
20835,26.53536421252369,20.923208475584516,21.774762145410016,16.130381028255552,17.385333596317217,12.00514852079325,11.79846644079519,22.640126504720953,32.82300051482351,33.01109212220973
20836,409.7510304195354,439.5767282902213,399.0225163146385,341.9064692953454,310.36771681607206,319.4452677826113,326.86567741590756,569.849786053292,662.1466699601328,696.3632967504071
21160,99.01535197323327,86.81711390095475,73.38094843003175,75.56315398355429,70.33157682146509,67.60794166973041,41.65581008688914,114.95908895115589,144.56087460783974,153.9569037768575
21161,39.849928587712256,41.7517417996958,45.944748126815135,31.204606155851515,33.38774292929101,42.42420905844231,47.9162208513927,73.52545937698213,74.2258735046465,76.26700593751906
21162,37.88087329279,38.43811149813264,39.73894091537328,25.731798306979098,25.880439785426763,32.49513885327496,40.572277454571214,62.315299651343594,65.9452989066819,63.65069774138716
21400,26.254070598963366,24.71021453451384,21.992509766864114,24.291585715170566,20.447523036577632,24.73241123832594,18.9016248082127,28.574916947706054,29.630489826451623,33.4853894228162
21402,2.7191715977497775,6.627260603126317,10.234138208342706,5.088751157723477,6.025598575996307,7.311406241986866,7.343943396821495,8.13286097742403,10.37565973720865,7.68361626982468
21403,15.752442359378021,15.24269938719053,11.105128694159106,13.057927499064018,8.593886493634077,7.491934791171728,8.186690999735438,16.155818428126114,21.848745023545135,19.73076770522881
21570,27.285480515351217,37.017984226034145,29.831424139211716,23.619486505659918,21.3365457772984,15.705983779082898,15.771419425960916,57.91915858246574,59.56027752993812,63.08154098065941
21788,15.84620689723146,16.18945090192286,12.411614422883709,14.210097572510845,21.138985168249338,21.482897352998446,4.574915558675685,14.067651420409135,17.359276868022164,13.944340637829974
21816,73.69892675280431,71.10103875639805,57.48537206388243,62.3131981389158,63.812076722846136,38.09152387800565,48.63857593960466,56.49041273508043,74.12610754563487,66.87591938551111
21819,15.752442359378021,14.579973326877898,8.165535804528755,14.978210954808727,12.940219892713381,10.199863028944641,7.464335911523487,7.803150397258191,17.359276868022164,18.023297423045545
21820,26.53536421252369,33.79902907594422,25.585345520856766,21.315146358766263,17.484113900841745,9.026427459243045,39.72952985165727,26.596653466711018,20.7513194744173,28.457838036387706
22315,496.95205062323515,351.1501368142215,481.22224341356133,467.6850356466238,419.5199533156773,344.99005749226916,510.5846548511469,550.9463794571171,467.3037520104357,461.77585187045116
22316,472.94832893275435,334.8660107608255,433.86213574729453,411.22870204772937,394.7260968800204,309.4259333028516,448.34172475021717,509.73255693638725,442.8610920525884,415.01013803065405
22317,1131.550442815321,1001.18972682944,1399.0284678425933,1271.995761085295,1148.6173810112305,1297.8197400899649,1515.8621526127777,1544.1445504433464,1332.6736804772418,1265.3303385579188
22318,144.7724464457123,118.05991388712168,151.3345969105996,143.25314579855524,127.3278125321187,139.9998898928596,177.33817415603383,178.59323092316285,151.2451938616184,128.06027116374466
22322,217.15866966856842,367.15023741319794,431.35803810057234,365.813998319367,379.1188087651447,618.400545232741,503.36110396902745,519.0743567077527,493.24290135345734,433.79231113466994
22323,32.16123648373012,68.16610906072783,78.38914372347605,69.70628944353291,80.40716788296712,129.25844121636038,100.28696474675911,106.93613150045381,97.07227811830785,81.57913570431143
22693,8.532572944663094,7.100636360492483,5.552564347079553,1.9202834557447086,6.717060707668015,1.4442283934788873,0.48157005880796694,11.75967735924826,12.171446999417839,13.375183877102222
22865,15.002326056550496,15.432049690136996,12.302740612156658,0.0,1.086583349769826,3.068985336142635,0.842747602913942,17.144950168623634,22.247808859591625,31.11390291978389
23184,60.009304226201984,54.53288724858226,57.049876820974234,45.03064703721341,49.78527348036293,48.20112263235786,47.19386576318076,83.30687325523535,93.97953338894757,94.95431958141364
23654,384.90342788837364,315.64695501175913,341.7548918722101,374.64730221579265,368.94443739911816,290.7412284622185,336.8582561361729,400.8181619549384,382.8019847275922,346.9959051236874
23656,535.9580983702665,462.67746524969016,527.7113605940117,518.6685613966458,537.0685156998676,454.93194394584947,448.5825097796212,593.5889478252324,563.1788386206041,526.0905658326874
23657,605.3438563818125,461.4466882805381,595.866366109145,551.0253376259441,566.2087055346038,465.31233552397896,618.4563480241316,666.6747930953267,610.667435110136,514.9920089984961
23658,1.875290757068812,5.301808482501054,69.24374362240384,10.561559006595898,9.482909234354844,29.245624967947464,170.47580081802028,54.182438673919556,15.363957687789732,5.027551386428494
23885,8.532572944663094,12.118419388573837,9.254273911799256,4.800708639361772,8.495106189109547,5.596385024730688,6.26041076450357,9.781413878253227,11.074021450290001,13.75462171758739
24490,181.62190982211442,176.85318295199943,243.65958840713807,1.3441984190212959,5.136575835275541,0.7221141967394437,0.24078502940398347,329.0511590055074,310.57143040317817,259.1560450513707
24831,5.344578657646115,6.816610906072783,5.661438157806604,4.800708639361772,2.370727308588711,4.603478004213953,1.9262802352318678,7.913053923980138,9.278234188080813,6.735021668611757
24832,5.157049581939233,2.2722036353575943,4.899321482717253,5.952878712808597,1.1853636542943555,4.693742278806384,3.009812867549793,5.934790442985104,8.380340556976217,7.68361626982468
24930,6.000930422620199,5.5858339369207535,3.266214321811502,5.47280784887242,6.519500098618955,0.9026427459243045,2.0466727499338595,7.803150397258191,7.083383089825135,8.537351410916312
24934,97.60888390543165,127.33807873149851,98.74854632943442,104.65544833808661,110.04125924032601,147.3112961348465,95.71204918808343,189.69348712207943,218.587216194463,217.70246097836593
24935,45.85085901033245,92.87632359524166,243.7684622178651,101.77502315446955,74.3815693069708,225.3898936572988,524.550186556578,411.80851462713304,204.8195138508592,180.61241207094065
24936,5.532107733352996,9.75154060174301,6.532428643623004,3.2644818747660045,6.025598575996307,4.603478004213953,10.47414877907328,10.330931511862959,18.057638581103518,13.75462171758739
25305,55.414841871383395,39.574213315811434,40.60993140118967,42.91833523589424,32.30115957952119,20.21919750870442,26.365960719736186,62.53510670478748,55.37010725145,63.65069774138716
25307,112.98626811339592,75.64544602711325,91.5628748214491,76.61930988421388,62.23159185045367,46.03478004213953,73.43943396821496,112.65111488999503,114.03249115028352,134.51071445199256
25308,280.3559681817874,299.362828958363,191.40015925815402,238.7872477218545,212.87155625036135,185.13202718907485,127.13449552530325,283.6610024693436,401.9570488578235,483.2140898578632
25514,5.907165884766758,7.100636360492483,6.859050075804154,7.009034613468186,6.618280403143485,1.9858140410334701,7.825513455629462,7.473439817092353,7.98127672092973,6.355583828126588
25537,32.16123648373012,42.69849331442813,35.057367054110124,26.21186917091527,28.547508007589062,22.746597197292473,23.95811042569635,48.79716586454418,55.868937046508115,67.25535722599628
25538,26.066541523256486,28.40254544196993,27.436200303216616,24.387599887957798,18.47191694608704,14.803341033158592,9.390616146755354,34.509707390691155,49.583681628775956,52.93157874768113
25539,96.20241583763006,80.85257935814107,81.3287366131064,42.43826437195806,26.86824283067206,24.73241123832594,24.198895455100338,119.79484412692153,138.27561919010756,143.9966604641218
25540,7.8762211796890105,5.301808482501054,6.205807211441854,1.8242692829574731,1.8768257859660629,3.881363807474509,1.4447101764239008,12.638905573023832,8.879170352034325,11.572854134797666
25541,39.474870436298495,51.219256947019105,57.594245874609484,4.608680293787301,0.5926818271471778,2.8884567869577746,2.167065264635851,66.16192308661172,76.62025652092541,65.26330856344913
25584,5.250814119792674,7.00596120901925,6.205807211441854,8.929318069212895,5.828037966947249,6.13797067228527,2.0466727499338595,12.638905573023832,13.268872548545678,11.572854134797666
25585,8.345043868956214,13.065170903306168,14.58909063742471,8.737289723638424,7.606083448388781,5.2353279263609656,7.464335911523487,22.090608871111222,12.370978917441082,18.592454183773302
25641,26.81665782608401,31.33747513764016,28.198316978305968,26.019840825340804,20.15118212300404,19.406819037372546,28.653418499074032,47.14861296371499,46.19163902238081,49.23205980295073
25642,10.97045092885255,9.18348969290361,11.649497747794356,2.1123118013191795,0.5926818271471778,7.311406241986866,1.805887720529876,18.024178382399203,19.753659884301083,18.402735263530715
26047,11.439273618119753,13.633221812145566,10.343012019069757,4.992736984936243,13.13778050176244,14.261755385604012,14.447101764239008,15.276590214350545,21.150383310463784,19.066751484379765
26048,314.7675535740001,287.4337598727357,242.8974717320487,71.5305587264904,57.984038755898894,68.781377239432,43.10052026331304,393.1249150844021,530.2560721467689,568.777322887269
26049,9.939041012464703,7.668687269331881,11.105128694159106,2.016297628531944,0.2963409135735889,1.173435569701596,3.130205382251785,19.34302070306256,14.765361933720001,18.497594723652007
26050,42.75662926116892,46.58017452483069,39.63006710464622,3.6485385659149463,1.2841439588188852,4.513213729621523,1.5651026911258925,61.32616791084607,61.85489458720541,63.55583828126587
26051,28.12936135603218,27.83449453313053,22.428005009772317,2.4963684924681213,0.8890227407207667,4.513213729621523,0.3611775441059752,36.81768145185203,45.89234114534595,39.36667595033632
26052,82.23149969746741,61.63352360907474,80.2399985058359,2.5923826652553568,2.370727308588711,1.5344926680713176,0.3611775441059752,108.25497382111718,121.51493807615515,118.38460623137284
27187,7.969985717542451,11.645043631207672,9.689769154707456,3.840566911489417,5.828037966947249,3.9716280820669403,1.805887720529876,15.496397267794437,14.16676617965027,18.402735263530715
27188,16.87761681361931,19.21905574906632,22.536878820499364,2.5923826652553568,0.2963409135735889,1.5344926680713176,5.899233220397595,31.212601589032765,32.42393667877703,29.691011017964506
27338,17.53396857859339,24.80488968598707,20.141654984504264,17.570593620064084,18.47191694608704,19.316554762780115,17.577307146490792,24.83819703915988,20.85108543342892,25.706913692870227
27416,6.469753111887401,6.627260603126317,6.314681022168903,1.9202834557447086,3.7536515719321257,1.5344926680713176,2.8894203528478015,11.649773832526314,7.582212884883243,10.14996223297828
28109,22.503489084825745,26.982418169871433,11.105128694159106,14.114083399723608,15.113386592253034,9.206956008427905,10.353756264371288,25.497618199491555,29.430957908428383,37.27976782766789
28110,168.30734544692586,208.38000839258603,189.4404306650671,145.55748594544892,132.0692671492961,130.07081968769228,104.50070276132881,291.7938634467676,345.88857989329216,374.6000080189835
28112,8.720102020369977,12.970495751832933,8.709904858164006,2.3043401468936504,5.43291674884913,4.964535102583675,2.4078502940398345,15.936011374682224,15.96255344185946,9.296227091886651
28113,7.2198694147149265,5.112458179554587,5.8791857792607045,2.4963684924681213,1.086583349769826,1.5344926680713176,2.167065264635851,11.979484412692154,6.385021376743785,10.14996223297828
28114,8.345043868956214,7.384661814912182,9.798642965434507,2.2083259741064145,1.8768257859660629,2.5273996885880523,3.009812867549793,10.330931511862959,14.964893851743245,13.564902797344807
28115,96.67123852689726,132.82923751694605,161.5687351189423,31.780691192574928,29.3377504437853,49.91614384961404,72.23550882119504,237.9411353530139,217.58955660434677,189.6240607824634
29036,2.2503489084825743,7.9527127237515804,7.730040561620554,1.7282551101702377,1.8768257859660629,5.867177848507979,10.233363749669296,11.75967735924826,8.081042679941351,10.434540613342158
30139,142.33456846152285,129.04223145801672,110.28917026650171,3.6485385659149463,5.23535613980007,0.812378471331874,7.343943396821495,180.68139793087983,227.76568442353218,243.50423413135746
30187,9.657747398904382,5.964534542813685,9.145400101072207,5.664836194446891,7.408522839339722,6.318499221470131,6.019625735099586,8.242764504145978,7.8815107619181095,10.244821693099574
30479,25.03513160686864,19.31373090053955,16.113323987603412,13.63401253578743,10.569492584124669,12.636998442940262,9.992578720265314,29.454145161481627,33.02253243284676,40.59984893191312
30480,59.35295246122789,68.16610906072783,72.8365793763965,48.87121394870283,32.399939884045715,35.47385991482516,48.999753483710634,113.31053605032669,115.52898053545785,122.84300085707359
31258,11.720567231680075,11.550368479734438,5.770311968533654,9.793445624298013,5.729257662422718,6.318499221470131,5.056485617483653,10.990352672194636,15.463723646801352,18.592454183773302
31581,17.34643950288651,17.42022787107489,19.706159741596064,7.969176341340542,7.8036440574378405,12.727262717532692,11.79846644079519,18.903406596174776,22.946170572672976,32.44193536148199
31582,60.19683330190887,77.63362420805115,73.59869605148585,47.334987184107064,41.58650820482698,44.59055164866064,59.11272471867794,129.35645095173086,134.98334254272407,138.30509285684425
31796,34.97417261933334,38.6274618010791,23.081247874134615,9.88945979708525,9.285348625305785,12.636998442940262,4.695308073377677,29.89375926836941,50.58134121889217,62.41752475981036
32108,9.001395633930297,28.11851998755023,8.709904858164006,8.641275550851189,8.791447102683136,15.615719504490468,17.697699661192782,10.00122093169712,9.178468229069189,23.620005570201794
32113,33.28641093797141,41.1836908908564,40.28330996900853,19.682905421383264,14.520704765105855,28.794303594985312,33.95068914596167,44.51092832238828,51.878298686043244,53.975032809015346
32114,21.472079168437897,26.603717563978503,29.831424139211716,8.737289723638424,15.014606287728503,10.290127303537071,9.87218620556332,32.97105801658391,41.80193682586946,44.96338409749257
32235,292.54535810273467,318.20318410153646,270.44254584599236,120.20974432961876,125.25342613710356,116.5311784988277,99.92578720265313,341.0306434181996,464.4105391990987,476.85850602973665
32236,46.03838808603933,37.396684831927075,60.64271257496689,2.9764393564042986,0.5926818271471778,4.06189235665937,0.6019625735099586,79.02063571307944,77.11908631598352,77.68989783933844
32411,13.033270761628243,12.686470297413235,12.95598347651896,4.416651948212829,4.247553094554774,2.4371354139956223,1.4447101764239008,19.233117176340613,21.748979064533515,26.845227214325735
32627,164.93182208420203,119.95341691658633,90.69188433563271,150.64623710317238,145.30582795558308,100.55440189596753,70.42962110066516,113.75015015721449,130.49387438720112,147.41160102848832
32631,607.4066762145882,449.51761919491076,454.7659074068881,583.7661705463914,502.7917500298558,206.43439599288843,312.90014571047647,460.71558401839917,504.31692280374733,562.8960363597488
32637,1866.6644195862955,1692.6970331899347,1806.1076461510336,2067.185140109179,1975.4085298815435,2191.075001456657,1691.7556165923877,2079.1549185257813,2087.802224236206,1965.2982947929352
32639,338.583746188774,294.72374653617464,279.4790721363375,360.82126133443074,350.27495984398206,338.67155827079904,231.75559080133408,335.3156600286584,375.21977184270895,377.44579182262225
32641,195.1240032730099,174.7703296195883,151.66121834278076,196.7330400410454,180.3728360617911,173.6684643158362,124.12468265775347,161.4482807545392,214.4968118749865,190.66751484379762
32642,642.7559069853353,619.6488663923107,705.7200411327386,706.6643117140528,713.1937986671039,691.0632862796475,705.0185660948636,800.8669992228232,804.213395592682,721.4061942224283
32643,5.719636809059876,4.449732119241956,22.536878820499364,9.313374760361835,8.593886493634077,15.435190955305607,34.913829263577604,26.70655699343297,9.577532065115676,6.260724368005294
32644,14.25220975372297,22.816711505049177,254.8735909120242,41.47812264408571,43.06821277269492,173.4879357666513,615.6873201859856,240.90853057450641,46.890000735462166,23.05084880947404
32990,6.188459498327079,4.733757573661655,8.383283425982855,1.4402125918085313,6.025598575996307,1.805285491848609,1.685495205827884,6.484308076594836,10.674957614243514,10.434540613342158
33293,67.60423179233067,80.56855390372137,89.27652479618105,77.09938074815005,70.52913743051415,78.34939034622963,64.65078039496956,106.82622797373187,112.33646984708595,114.68508728664246
33616,12.376918996654158,12.023744237100603,12.629362044337807,4.128609429851124,11.557295629369966,8.394577537096032,10.594541293775272,13.957747893687188,13.767702343603785,17.169562281953915
33923,123.11283820156751,123.83509812698891,156.1250445825898,121.84198526700176,109.44857741317882,63.726577862255894,115.33602908450807,204.0908491226544,214.5965778339981,202.3352284387166
33924,37.88087329279,37.49135998340031,44.20276715518233,31.204606155851515,30.720674707128715,26.808489553951844,42.98012774861105,69.78873946843594,63.55091589040298,64.21985450211493
34186,13.97091614016265,12.307769691520303,14.48021682669766,4.800708639361772,7.408522839339722,2.4371354139956223,1.5651026911258925,22.200512397833165,22.64687269563811,27.224665054810902
34187,19.409259335662203,26.982418169871433,26.129714574492017,6.048892885595832,4.543894008128363,1.5344926680713176,3.250597896953777,37.36719908546176,26.437979138079733,42.2124597539751
35141,14.533503367283293,14.769323629824363,9.907516776161556,7.681133822978834,4.247553094554774,5.1450636517685355,6.741980823311536,18.35388896256504,15.26419172877811,23.999443410686965
35142,157.14936544236645,154.79387265873612,161.45986130821527,2.6883968380425918,1.7780454814415334,5.867177848507979,2.0466727499338595,222.99425571882918,270.46551488050625,281.2582992596318
35143,118.23708223318859,128.56885570065057,109.20043215923121,1.4402125918085313,2.370727308588711,1.173435569701596,1.685495205827884,154.08474446416878,206.71506707208002,204.13755818102112
35600,25.410189758282403,15.24269938719053,24.932102656494465,5.760850367234125,1.6792651769170037,1.2636998442940262,1.9262802352318678,33.08096154330586,32.324170719765405,36.04659484609109
36276,29.442064885980347,17.42022787107489,20.57715022741246,10.753587352170367,11.656075933894497,7.491934791171728,14.447101764239008,24.728293512437933,33.82066010493973,35.09800024487817
36906,21.284550092731017,21.112558778530982,21.66588833468296,14.114083399723608,11.656075933894497,11.192770049461377,13.96553170543104,18.46379248928699,15.164425769766487,16.410686600983578
37102,16.408794124352106,14.863998781297596,19.488412120141962,7.77714799576607,3.8524318764566554,5.3255922009533965,4.695308073377677,18.68359954273088,23.0459365316846,18.497594723652007
37323,28.410654969592503,27.26644362429113,22.428005009772317,18.146678656787493,15.80484872392474,10.651184401906793,19.262802352318676,30.663083955423033,42.600064497962435,37.184908367546605
37402,9.001395633930297,5.964534542813685,9.689769154707456,6.624977922319245,8.692666798158609,7.311406241986866,11.79846644079519,12.968616153189672,7.083383089825135,6.45044328824788
37409,47.444856153840945,43.1718690717943,44.093893344455275,55.976262734958254,45.043818863185514,51.17984369390807,49.4813235425186,51.76456108603674,61.3560647921473,50.275513864284946
37413,9.657747398904382,11.645043631207672,9.472021533253356,6.528963749532009,8.001204666486899,13.81043401264186,4.93609310278166,11.320063252360477,13.568170425580542,11.28827575443379
37414,9.657747398904382,7.574012117858648,9.363147722526305,7.009034613468186,0.9878030452452963,7.130877692802006,2.8894203528478015,6.704115130038728,9.77706398313892,6.735021668611757
38149,22.597253622679187,23.47943756536181,16.548819230511608,0.7681133822978835,0.19756060904905925,0.9026427459243045,7.584728426225478,19.782634809950345,22.846404613661353,25.51719477262764
38824,20.909491941317253,18.27230423433399,16.657693041238662,7.585119650191599,1.086583349769826,2.6176639631804828,5.056485617483653,18.13408190912115,21.748979064533515,19.25647040462235
38825,43.03792287472923,49.51510422050091,41.91641712991428,4.416651948212829,3.6548712674075965,1.8955497664410395,3.250597896953777,48.3575517576564,65.34670315261216,62.98668152053813
38873,16.87761681361931,47.33757573661655,27.87169554612482,11.233658216106544,14.224363851532267,24.10056131617893,41.89659511629312,19.233117176340613,13.46840446656892,31.683059680511644
39553,13.595857988748888,16.852176962235493,17.31093590560096,15.55429599153214,15.212166896777562,21.84395445136817,18.78123229351071,25.277811146047664,24.243128039824057,28.078400195902535
39688,10.126570088171585,6.43791030017985,7.621166750893504,5.952878712808597,4.642674312652892,1.2636998442940262,2.8894203528478015,12.0893879394141,8.180808638952973,9.770524392493112
39936,38.349695982057206,38.43811149813264,23.843364549223963,33.89300299389411,25.880439785426763,24.642146963733513,17.095737087682824,38.46623435268123,58.961681775868385,72.75720591303123
39937,85.51325852233784,81.70465572140016,110.07142264504762,19.97094793974497,22.423129127068226,22.746597197292473,27.449493352054116,161.99779838814894,159.42600250057137,157.08726596086012
39938,93.20195062631996,83.40880844791836,55.74339109224964,6.817006267893715,3.7536515719321257,1.0831712951091654,3.130205382251785,84.07619794228897,119.9186827319692,141.0560172003617
40030,64.51000204316713,61.06547270023535,66.63077216495465,48.391143084766654,42.57431125007227,38.27205242719051,43.58209032212101,80.88899566735252,103.45729949505163,109.75239536033526
40374,4.68822689267203,6.721935754599549,2.721845268176252,7.4891054774043635,5.630477357898189,0.9026427459243045,4.93609310278166,7.1437292369265135,8.779404393022704,11.952291975282836
40375,15.377384207964257,17.04152726518196,15.89557636614931,14.882196782021492,12.545098674615263,13.90069828723429,10.714933808477264,24.50848645899404,26.038915302033246,25.327475852385056
40690,5.8134013469133174,4.923107876608121,3.592835753992652,4.704694466574536,0.9878030452452963,0.18052854918486091,1.4447101764239008,11.649773832526314,10.076361860173785,9.770524392493112
40691,10.032805550318143,11.26634302531474,12.411614422883709,4.608680293787301,0.3951212180981185,4.1521566312518,0.6019625735099586,13.298326733355509,16.261851318894326,16.505546061104866
40692,17.815262192153714,20.544507869691582,28.524938410487117,3.7445527387021817,1.580484872392474,3.791099532882079,3.130205382251785,37.14739203201787,37.61176654738136,40.220411091427955
40866,78.01209549406258,64.85247875916467,41.37204807627903,72.1066437632138,76.65351631103499,55.783321698122016,53.69506155708831,63.304431391841106,78.61557570115784,67.63479506648144
40867,27.9418322803253,20.544507869691582,30.920162246482217,25.25172744304292,26.17678069900035,22.11474727514546,29.25538107258399,27.2560746270427,30.827681334591084,21.627956907654657
40868,23.44113446336015,19.029705446119856,17.85530495923621,26.115854998128036,21.830447299921047,27.711132299876148,13.36356913192108,25.497618199491555,23.644532285754327,24.758319091657306
40869,16.221265048645225,15.810750296029926,22.972374063407567,22.659344777787563,16.199969942022857,16.6086265250072,21.911437675762492,22.200512397833165,19.45436200726622,16.88498390159004
40870,6.094694960473639,6.248559997233384,7.838914372347605,4.992736984936243,7.704863752913311,4.06189235665937,6.380803279205561,8.79228213775571,7.781744802906487,11.477994674676374
41016,130.9890593812565,136.33221812145567,141.75370156661918,91.40549249344814,74.77669052506893,81.68916850614956,126.05096289298534,202.11258564165936,210.70570543254487,229.65475295364877
41546,5.438343195499555,8.047387875224814,8.818778668891055,2.4963684924681213,4.840234921701952,2.346871139403192,0.842747602913942,8.572475084311817,3.1925106883718923,4.742973006064617
41780,12.75197714806792,14.201272720984965,11.976119179975507,9.217360587574602,11.063394106747317,7.852991889541449,10.835326323179256,17.91427485567726,22.148042900580002,23.999443410686965
42092,45.19450724535837,41.089015739383164,32.98876465029617,22.275288086638618,21.53410638634746,17.24047644715422,15.651026911258924,48.24764823093445,53.175256153194326,64.12499504199363
43098,5.907165884766758,5.396483633974287,5.770311968533654,1.4402125918085313,1.6792651769170037,2.2566068648107613,7.584728426225478,8.682378611033764,7.98127672092973,10.90883791394862
43770,29.16077127242003,32.000201197952784,11.758371558521409,28.32418097223445,29.43653074830983,32.40487457868253,16.975344572980834,18.243985435843097,30.727915375579464,39.27181649021503
43826,39.75616404985881,30.674749077327522,30.375793192846967,26.69194003485145,28.547508007589062,19.316554762780115,27.690278381458096,45.39015653616384,35.317149490114055,43.54049219567319
44269,9.095160171783737,8.331413329644514,12.193866801429607,1.0561559006595898,0.9878030452452963,1.4442283934788873,5.417663161589628,11.649773832526314,14.16676617965027,17.928437962924253
44859,14.25220975372297,12.8758206003597,11.322876315613208,12.481842462340605,12.940219892713381,7.221141967394436,13.002391587815108,16.155818428126114,22.347574818603245,23.999443410686965
45370,5.532107733352996,5.775184239867219,7.838914372347605,1.9202834557447086,1.1853636542943555,1.7150212172561785,2.167065264635851,11.320063252360477,10.47542569622027,11.477994674676374
46300,39.943693125565694,46.20147391893775,47.79560290917498,41.190080125723995,43.56211429531757,41.792359136295296,56.34369688053212,60.4469396970705,48.8853199156946,45.247962477856454
46302,45.00697816965149,38.72213695255233,51.49731247389468,43.206377754255946,32.20237927499666,42.06315196007259,45.1471930132469,60.99645733068023,60.657703079065946,48.85262196246556
46604,43.03792287472923,49.60977937197414,42.56965999427658,37.349513214234584,35.3633490197816,30.509324812241488,24.439680484504322,65.83221250644587,81.00995871743676,97.989822305295
46684,109.89203836423239,98.46215753216242,91.01850576781385,102.35110819119296,103.81810005528064,109.94188645358028,117.62348686384593,133.09317086027704,137.47749151801463,105.67343857511969
47113,5.344578657646115,5.964534542813685,8.492157236709906,2.2083259741064145,2.4695076131132407,5.506120750138257,5.899233220397595,12.748809099745777,10.874489532266757,15.936389300377115
47273,8.532572944663094,7.100636360492483,9.689769154707456,7.009034613468186,9.581689538879374,7.762727614949018,5.778840705695603,8.682378611033764,9.77706398313892,10.14996223297828
47274,7.501163028275248,8.52076363259098,5.225942914898403,7.297077131829893,6.618280403143485,7.130877692802006,2.4078502940398345,6.923922183482621,10.575191655231892,9.485946012129235
47455,25.597718833989283,25.846316352192638,27.218452681762518,22.659344777787563,16.891432073694567,18.594440566040674,29.85734364609395,48.467455284378346,42.699830456974055,48.18860574161651
