,S3KO_126_Acetyl_norm_log2_ro,S3KO_127C_Acetyl_norm_log2_ro,S3KO_129N_Acetyl_norm_log2_ro,S3FL_127N_Acetyl_norm_log2_ro,S3FL_130N_Acetyl_norm_log2_ro,DFC_128N_Acetyl_norm_log2_ro,DFC_129C_Acetyl_norm_log2_ro,DKO_128C_Acetyl_norm_log2_ro,DKO_130C_Acetyl_norm_log2_ro,DKO_131_Acetyl_norm_log2_ro
0,1.0609370084112966,-0.10795241836672442,0.10207249861856571,-0.32042624049085155,-0.10468264552202378,-1.9924017749059462,-0.37510682038688525,0.5164474776949115,0.5987438006773109,0.6223691142703354
1,0.21116224961504404,-0.04922398712338527,0.3667146544388924,-0.7716660309328596,-0.8910821000957405,-0.9372936593413037,-0.7923887492711712,0.9798061760693013,0.8969881871387066,0.9869832595025008
2,0.5407140183018697,0.858363381545268,0.4299386376174539,-1.0354882117087723,-1.1049564303437611,-1.094246542867361,-1.4279952313720443,0.6592702851868291,1.043544294790026,1.1308557988504822
3,0.8573444972529201,0.42894378997529614,0.5772430824432737,-0.705414556092685,-1.0477165287383983,-1.4069746001915155,-2.0768599602281275,0.8962284957970255,1.2965311985965835,1.1806745811856185
4,0.8516530406487037,0.7367688351761865,0.23651644851905207,-1.1556799354585117,-0.8475513005346187,-1.7219326303813887,-1.484056617702068,0.8334116219425622,1.1951010971126363,1.3557694406774337
5,0.9323866856984502,0.7517457069853624,0.22765963428334857,-1.033647633308905,-0.9970942567753758,-1.6075350489833022,-2.1697668331098825,0.9186136808310916,1.3828314883610684,1.5948065760181258
6,0.11184619192503131,0.4214222546327475,0.3700671597847571,-1.7184573191493964,-2.3753948941161167,0.028117274164407124,0.6349900385807921,0.9750876391571501,0.6369329666743413,0.9153886883462747
7,0.5702326945965561,1.7374064341414979,1.7016352345119623,-0.5024689296173674,-0.36002830324931656,-6.54298066085518,-4.204304007388369,2.494984236358155,2.6220673561217263,2.4834559453803244
8,0.3503587162296955,0.6977554228671461,0.8725512091772685,-1.4274773749505967,-1.8213805440835231,-1.6350990920236683,-1.8813849392780124,1.5931573833590909,1.630113086878671,1.6214061318239184
9,0.7220411077672027,0.6283856906080874,0.7459742387257617,-2.7234395170753896,-1.3486682323147714,-0.9310612341484612,-1.4892910877175451,1.4005729810796068,1.4790992806649776,1.5163867724105207
10,1.0483140094967967,0.6042083327864409,1.2418735539595627,-1.4981965355770406,-2.5336457337974903,-3.236332969348892,-0.721806480482662,1.5778017129367585,1.8332148873122573,1.6845692227142557
11,-0.2615925558606822,1.0011010922047427,1.3288582806516542,-2.3922775252643937,-1.900728938803259,-1.8984948333942038,-1.51176605052125,1.8922277415051498,1.9813173559369348,1.7613554335453072
12,0.9368940849656502,0.721421681564034,1.021249406483947,-1.6287416263378232,-2.962038030766598,-2.1816918708783346,-1.2651272424506361,1.6947757423430128,1.8378814972600344,1.825376357816701
13,1.3805512835842828,1.5482453820314896,1.475733635586936,-1.516866423348682,-3.3437289997577144,-1.3094506411429097,-4.14069898911841,2.132930639592697,1.853710266289732,1.91957384628257
14,1.4657936727591103,1.4335221239601061,1.807814847974468,-1.8927883008240478,-3.351172842304628,-2.2623137875073374,-3.3073414265145775,2.076196747692002,2.057113601120614,1.9731753636442733
15,1.5324889708070426,1.734750012353695,1.7535868722844192,-3.078514016316154,-2.1882519110487744,-2.990245499403387,-3.650507650566264,2.2143971574668644,2.3661231278549124,2.3061729365676324
16,1.2319679563094006,1.0382861594151924,1.5027692046335384,-3.9316684129246386,-1.9511760672760672,-2.0997617658110728,-2.3075734652507816,2.1495078873201,2.204665164125908,2.1629833394584077
17,1.8783285980881272,2.106243626977565,2.2877792207634906,-3.8618067839069417,-3.140232735619932,-3.32219457135998,-3.4792130805172365,2.514856769278107,2.5030598674361793,2.5131790888606043
18,2.292362273387032,2.270324325397919,2.12055019408331,-3.615672540919962,-5.5945382107740445,-3.6857907342430987,-2.033956195516656,2.5521758660851157,2.777852873790547,2.916692148709825
19,2.2494116687787313,2.318969297110578,2.656397479217083,-5.109671507623729,-3.4511072568625205,-3.6417281751947383,-3.8266134777849388,2.954774345166446,2.9652615247626732,2.8843061024304086
20,2.7608738318932238,2.5892980793400513,2.6441280977202277,-2.1408143124179695,-5.169310749996653,-3.3140025324271676,-6.966280739357348,3.055852424547857,3.272951832186606,3.267304068511158
21,inf,inf,inf,inf,inf,inf,,inf,inf,inf
22,-0.13332877673262145,-0.07016562892742151,0.3042792513240813,-0.458090990389068,-0.22586954448591845,-0.40456673630114537,0.1301840984232836,0.6559547919741311,0.23561448758257253,-0.034010952467887545
23,-0.6663920611326386,-0.9380556153515958,1.0231835042399817,-1.3816244591974964,-0.9339009831329594,-0.11178959277670586,2.7079129550954972,1.240492623353858,-0.06571767252619942,-0.8741086985717423
24,-0.01543268541493692,0.4425474021149931,0.30492525307518026,-0.949747677452764,-0.6259898198560339,-1.0810432993428596,-0.20718484263135384,0.6834921074354279,0.6684095010587416,0.7800240610136067
25,-0.20872318893616626,-0.19412767241320017,0.12131374898100411,-0.43910976132816115,-0.2216938415506018,-0.96053944379325,-0.2389069765631482,0.5023557906091574,0.4870804376557478,1.152350907338609
26,-0.40532626014255246,0.0882045458440528,-0.1678644882699638,-0.41080256452369657,-0.3571413290922809,-0.45276720977507434,0.0490960092609507,0.499797289806418,0.680187827957039,0.4766161789351422
27,-0.08216980561503284,0.02553300026199068,0.24663967643575724,-0.5520784800585332,-0.7610755495598234,-0.6775805425321773,-0.5015537191236117,0.725336810380611,0.7632112089770082,0.8137374008338298
28,1.5780957819593397,1.441600455067746,1.2375338803107065,-1.9451036856752122,-3.2606762599095154,-2.87636486652037,-1.586005752678057,1.6759895514599177,1.8794932888818159,1.8554376071036596
29,0.5065960578087134,-0.4639237472799054,-0.23578984877982245,-0.0973689352119802,-0.0409835289626157,-0.003527545470595417,-0.16125483776941074,-0.24558773408499324,0.2664339343195006,0.4754061854311149
30,-0.19828133445350327,0.39783711103057673,0.6008653857973014,-0.4821699989032222,-0.18755504453945315,0.5452539694450933,-1.8594526210750333,0.5107432807506496,0.09131330461684639,0.5814459473307174
31,-0.3593039829571527,-0.06965699327884778,0.03842097996402316,-0.5328225064733818,-0.5623311961056778,-0.11606181618116551,-0.1821755037592636,0.5182712859115028,0.703756806759051,0.5619029261208937
32,0.6316905573222273,0.23916886497085432,0.08017363927241838,-0.7511290156675452,-0.5075842455180513,-1.603468999692832,-0.3746061840584862,0.6085665946579493,0.759452343280901,0.9177364454325367
33,0.069647463516183,0.26174741068157203,0.26148260035695614,-0.13722854400876106,-1.070917976968233,-0.512947063451199,-1.4747101581225972,0.7343309518885057,0.9552236042678421,0.913371711839706
34,-0.6268917612921652,0.2746666562907083,-0.0062459366634866065,0.5513253271937386,-1.454702048683999,-0.6645218554703098,-0.8336846570026835,0.27532763467714716,1.239444871694372,1.2452817692566507
35,0.25513709638209114,0.2102940107830653,0.15923259994137773,-0.5032270403063963,-0.6439725788686763,-0.7912892585156133,-0.7436499229113158,0.599738030034338,0.7415648606906835,0.7161722027704354
36,1.359941733422875,1.3202213764563315,0.6593927659754946,-2.222399945067199,-0.5173124051408071,-0.9736454369105014,-4.704145911357138,1.5035885467506245,1.741778901406438,1.8325803744638862
37,0.9898236915501282,0.9620759762496598,0.8768885140451528,-2.4405148934948957,-2.484636543489457,-1.164680851281914,-0.26538317694132063,1.1499586276664462,1.09623668082958,1.280231974866623
38,-0.07582066980174806,0.7311134041459328,-0.08948562613811406,-0.822698130268743,0.03684458483264663,0.43028681367630606,0.5556784469099041,-0.2292491804755823,-0.9198235324221542,0.38315388954155694
39,0.17573009312456556,-0.006901880227810686,-0.2350619590545282,-0.00798954909371652,-0.42009668994013705,-0.7232822405111081,-0.32105008698075377,0.2079322169339619,0.6532337274844702,0.6774863682650389
40,1.0887644230172024,0.8203631741940214,1.1705262819593663,-1.8758602276037424,-0.16319440340022506,-1.7430964449672228,-3.7215187966900487,1.0421888386872706,1.835444411450946,1.5463827433524222
41,0.49844306780913117,0.9082376190740509,1.2303965725523756,-3.4215506571496443,-1.815800036862639,-0.8992762523101376,-1.3741244301524622,1.7147496741787633,1.5117873005536668,1.647137142306883
42,0.8670115014868385,0.992260703401187,1.5232030580341736,-2.039897651277819,-3.027671545215394,-2.2550571720616057,-1.6376287069205397,1.8011616759849893,1.9613134096137061,1.8153047269544516
43,1.2657752366209296,1.3690984570130649,1.4861216477885346,-2.9201717190498755,-2.9026513133179375,-2.7149994408853058,-1.7378159119665852,1.8303490846612425,2.119360326821689,2.204933632314237
44,1.7391691123191384,1.8076177689273702,1.9453411703988284,-3.654023451253634,-3.2374936677823163,-3.1640390886241385,-2.893452956669597,2.438630969372257,2.4262775397462892,2.5919726035658304
45,1.325876390557371,-0.4957188177963472,0.41415937951608184,-0.3436577292148453,-0.8190589629322029,-1.9675513589583948,-0.4362311968309065,0.6448600928497314,0.7793668147126644,0.897955388096841
46,0.8291794172822242,0.5570978736453727,0.8688906141185861,-1.0416197076787248,-3.443328990831841,-1.0669532333003957,-0.21879479788216383,0.971710505282501,1.4262083481248808,1.1176099712395455
47,0.7188700671992789,0.8618260228412709,-0.5811361442952494,-0.8916296196491151,-1.4188697848860905,-2.9235059911375583,-2.6297217366070598,1.8780615525330848,2.4571808610293058,2.52892477297212
48,0.645860275861863,1.2427266224269893,1.1914657505291686,-2.5095147032375156,-1.7599146631156666,-1.11874404188599,-2.150090314281198,1.3495190434132462,1.5013011596883947,1.607390870600696
49,1.548803671392486,1.5439141590630836,1.5883924035591175,-1.7093534522784615,-3.884291873584556,-2.3603589276392523,-3.619115696137533,2.2543738360789956,2.2589114229358467,2.378724456610257
50,1.7849476346057784,1.9104445528921765,1.545966136443818,-3.322255931449744,-2.698430122495724,-2.985019377686707,-3.674517728211275,2.2000189153878598,2.5638225337913934,2.675023386722401
51,0.23205706225247447,0.4975754164878454,-0.3061241179509251,-0.07502140145192282,-0.17668251700278237,-0.513598809704721,-0.23945507734489535,-0.14588273498946336,0.23684280959156734,0.4902893701128255
52,0.04816887782217272,0.40067307047963574,-0.15083032863811807,-0.901975907013683,0.18034724057605445,-0.4497901447628543,0.08504471383835543,0.3990062081273309,-0.1254560702698826,0.5148123398409776
53,0.30852070954045807,0.7942068199977625,-0.9111433725487299,-0.6497980067410973,0.052534588668996296,-0.4256512289678591,-0.7407798978903324,0.5346157311844459,0.381535729031528,0.6559589277248188
54,-0.30578460470714663,1.0487387555869683,0.11374032570122905,-0.644494677460655,-1.5453762873279395,0.08172448957322453,1.0178834638069851,-0.19817319915560194,-0.19616192607589955,0.6279036600588306
55,0.8179333145288097,-0.993646615666979,-0.6782382480466738,0.5847163706226155,-1.182777823966966,0.29397908341083845,-1.0547021452226615,1.0448436484526988,0.5628213296620261,0.6050710862262836
56,1.345410651836941,0.7432331167515969,-0.16967577092165098,-1.2327653556119562,-0.9937167043347659,-1.8874947972776397,-2.0082454210332616,1.1584145685006355,1.7088137274023403,1.3360259846877542
57,0.017606388392167105,0.07235176534467236,-0.20518306150905907,-0.2124593699147228,-0.4093414015197929,-0.5156743668141566,-0.44482433451916936,0.3209904656935807,0.630201885961645,0.746332028884825
58,-0.2689543169377622,-0.23994370414154353,-0.002434285545424686,-0.3357097230963024,-0.5041731828228908,-0.3754129110179072,0.2350802481323857,0.42651291098163924,0.5443061767775816,0.5207287876702278
59,-0.3662519287970758,0.06102561273605556,-0.04472551459753493,-0.2004417842911037,-0.5038197296923341,-0.3383473520575846,-0.1865055145005874,0.35815216352013124,0.652835794901879,0.5680782527781494
60,0.1620134330738794,0.05864933572960718,0.18359606160421782,-0.42266210563597095,-0.6040289832021912,-0.3477040573904224,0.1673311116538092,-0.35151415263163033,0.49842804128437024,0.6558913155143244
61,1.1283878299430175,0.8723463880590794,1.245765310031592,-1.8242814601065631,-1.8342147142788323,-2.45347944627712,-2.44202666614467,1.6533777972592913,1.8910185352754132,1.763106426238787
62,1.2970781965619889,1.321106709636397,1.6886667978235508,-2.118140672162637,-2.7498840100823725,-3.7350603285547566,-1.8670486283639323,1.8585614288874082,2.224988473552356,2.0797320327019886
63,1.495611685861908,1.4620515258386613,1.4643558802665568,-3.8166307490118987,-2.4023878816574538,-2.504633503465501,-1.774125327024612,2.0358769175171014,2.0180927832605535,2.0217886684146817
64,0.2040630553093834,0.1483081696440136,-0.32658013740711844,0.11279447175803803,0.1522099841680724,-0.19639384631544576,-0.6917903257266866,0.18088937648745773,0.15682402426470787,0.259675227817568
65,0.6022463134781386,0.3865844359972632,0.3023655607746534,-1.4073187403906724,-0.6262247435217292,-1.118686012785104,-1.6985014265121818,0.9636402052927364,1.3787770937018786,1.2171173139650229
66,0.06121392876096099,0.1251770301372579,0.17138394712035954,-0.8826154941146962,-0.7535535547109742,-0.6878316113665535,-0.4297698318342227,0.28464184613273513,0.8616720707150227,1.249681669160104
67,0.3888391976712744,0.972542353128488,0.8713338629411158,-0.8931589610989557,-1.4080656979259731,-1.099269570386971,-2.8596024811077765,1.0861675419592212,1.4489278232173,1.4922859316022699
68,-0.036664175358397166,0.17252720484304085,0.6073264060143897,-1.0350110845962353,-1.629336523418909,-1.2464322981766855,0.5034892810143736,0.9495317711059981,0.7892883208619423,0.9252810977104664
69,0.6242273317820608,0.8225273958629269,0.29981051608235365,-1.1864552601454614,-2.276680030997109,-1.493183433821639,0.45167562764308977,0.4268413268800475,0.815275381382599,1.5159611453311168
70,-0.08887374987758889,0.49355482281210783,0.3350523631694764,0.35646217471875774,-1.1871702795079653,-2.3814197027722206,-0.5984560949163922,1.1384468571282533,1.1264169381498181,0.8059866710957508
71,0.1622820822490958,0.1327556292537082,0.33961200942707404,-0.7320321901457101,-1.0529079503295593,-0.9204900256360062,-0.8259030459907901,0.9065839398239905,0.9191189594580269,1.0709805918901782
72,0.8786460500142144,0.28119724439517135,0.32030875588068364,-1.8511947056573583,-0.9043849021365147,-1.8942091125767064,0.3025645093226168,0.9806247342076579,0.8256891260621031,1.060758300488128
73,-0.032928203857397254,0.015283946826351702,-0.9443083719827012,0.5753083606409919,-0.23143880652951632,-0.29268884102003456,-1.1183524659071253,0.302443827279105,0.8134515303648593,0.9132290241854815
74,0.08944032849121797,0.06478475608613277,0.2110167564226062,-0.4266071756381802,-0.6058101539233407,-1.2364094991291914,-0.546898953451989,0.826301995007265,0.7991592774936347,0.8250226686418607
75,0.1450346647033367,-0.15633762240314208,0.05559015032570347,-0.4324537574536649,-0.7085995101073395,-0.6209995845351468,-0.844239738634859,0.898733583101829,0.863231860605997,0.800039954397298
76,0.9653859665453997,0.5743130717036276,-1.1279920353227921,-1.460324800879549,-1.8732286910403366,-2.1017295926748423,0.587780953002361,1.7623380828977755,1.4008151590120552,1.2726418867563178
77,0.7822087925485954,0.9078996959100616,0.9560859794350964,-1.8084607234253154,-2.0104137479384887,-1.9308372846842294,-1.4781238784577004,1.461147996101129,1.5295819913299908,1.5909111791808783
78,0.9184433386894142,1.0353682394571768,1.0838036348012796,-1.4497819340747746,-2.4469357069916793,-1.9853920618474707,-1.8648730599796406,1.3977955758238148,1.6111951291430229,1.7003768449788828
79,0.9060524654521096,1.0290254019252547,1.1835745080769309,-1.6240410476551332,-2.3968408829023042,-1.8528876242340422,-2.1050486552953913,1.5741391509228482,1.6137015052255457,1.672325178484206
80,-0.32890721644148435,-0.1787656101258701,0.2906412394662157,-1.0471734289839998,-0.37383973287540195,-0.713489631147108,-0.0967175235714306,0.8105899489383823,0.8700910166150386,0.7675709381256475
81,1.1364947637275349,0.3356192391074835,0.7098886424123441,-0.5310491543796596,-2.4450372318661397,-2.385591174728024,-0.385271854001318,1.501557600831183,1.048648179312587,1.014740989584002
82,0.46110674621342973,0.6393468500185806,0.6586681018403899,-1.650115334189533,-1.3217600412059571,-1.4326956068277452,-1.1676052624940398,1.1923241253628296,1.3106601134757474,1.310070307806284
83,0.4138568874598656,0.6367896060628633,1.024488322710845,-2.3222908446463526,-2.626863377687138,-0.0893700237443773,-0.12467461274839309,1.067138795898038,1.1842221424419317,0.8367031042527118
84,0.05278543825661508,-0.4657472582129696,0.35437001171183624,-0.339594736818178,-0.041455354616759976,-1.0600673043212776,-0.6446025348950672,0.6153509405583417,0.8996348999154051,0.6293258984220476
85,-0.1557967880537463,-0.20399246743319388,0.061814158291903176,-0.1870324718448968,-0.6828842820556842,-0.6585693029026407,0.03916474651176571,0.5311978818522682,0.5485832040487946,0.707515321585432
86,0.4524052925962181,0.41178074115124375,-0.6582759147583372,-0.11885833612468577,-0.46277163623492257,-0.7089278107686168,-1.10818618697939,0.3371093127685274,0.7815340706973419,1.0741904676526088
87,-0.2679439541342461,-0.23068143042165978,0.021087726669086315,-0.20321040375887378,-0.8201234408559275,-0.44985779718840924,0.19757211002466946,0.5876092444281644,0.650736529046358,0.5148114161908319
88,0.6153394498102847,0.1232119616241878,0.25024843047067513,-0.4474079244503528,-0.18348425758684694,-1.862884462800928,-0.8878546716048485,0.5577355263446622,0.860911168442688,0.9741847797504812
89,0.15371204897120183,0.23038333309928927,0.1834017048442078,-0.28796988316767,-0.37034899887220263,-1.89377822724503,-0.3408620285197923,0.6523580372987423,0.8784722763173081,0.7946317372739324
90,0.32472960273371854,0.09661874357517597,-0.3483669572256547,-0.17413507634666914,-0.3901708272315849,-0.8384904456281372,-1.1594212979997964,0.40550448239229553,1.0255137712598792,1.058218004470774
91,0.3278464199771687,0.10687174210025496,-0.24101527059549444,-0.4676130650246124,-0.7054037430070572,-0.8887789890381086,-0.24555283589906018,0.45771279735875225,0.7920006976559435,0.8639322464722037
92,0.7676538367505676,-0.18818169561123188,0.2279743932194167,-0.2932300531701477,-1.0763746399634213,-2.020036554395298,0.528890573558984,0.5002548849744883,0.6947906131264316,0.8582586415102016
93,0.13892057602877594,0.5139462633243466,0.7874448676582464,-0.506925814613095,-0.7806589336923895,-2.6202006629203183,-0.8685171410563517,1.1739302684206354,1.2261345678906057,0.9359260089595427
94,-0.961570298695857,0.20684009207223175,0.9135512302801136,-1.1986042044170024,-0.9303804001198714,-0.9556560801054004,-0.2000199666159337,1.1096496456582803,1.264384365752249,0.7518056161911848
95,-0.1403169992940021,-0.09072856135099672,0.0021313249775514187,-0.16526112663160442,-0.7444038370300552,-0.8129104222143013,-0.06489457147667643,0.5782890482185588,0.5799850983362842,0.8581100464652334
96,-0.0801130962887564,0.3052619988021137,0.41433335995051923,-0.24485570171151405,-0.5580727737589184,-1.5193711891488775,-0.3316543532560905,0.39136493629937164,0.6463276160020701,0.9767792031100759
97,-0.21931054598371658,-0.13934845899719228,0.0035521098309514443,0.03830599931900158,-0.6756667840380919,-0.953452809301536,0.11475451855024543,0.292629953271514,0.7290458685297829,0.8094901488190378
98,0.17788674794272286,-0.10815591973978123,0.02115421887667779,-0.41331639282986643,-0.4473630032365996,-0.7141146724511422,-0.6240656733315033,0.5910948054904077,0.6985197301749348,0.8183601591041398
99,-0.08976667571836394,-0.14228421289227988,0.047325079159847405,-0.31374927860485347,-0.6092733510316579,-0.8142293385592625,-0.22882813771858768,0.612386307145453,0.7763354252130785,0.7620841830066283
100,-0.2625054460503815,0.263842084202623,0.33952297773216156,-0.7011538069978691,-0.7735851945640242,-1.1645884244127993,0.36019598487697824,0.8771618883687937,0.8085694948328381,0.25254044201167325
101,0.05390354625321736,-0.5107475212964552,0.3615572179802635,-0.211684787138414,-0.18489369252662025,-0.4772366721816761,0.5224020670073974,0.4194711629954835,0.011099783536659302,0.016128895370151497
102,0.3982721786059722,-0.012699217691266362,-0.4023379141397472,0.10175269712263102,-0.12090483059386692,-0.7508941388832158,-1.4886999876412186,0.6240977994023043,0.7500120332649907,0.9014013805534367
103,-0.036256290295939575,-0.26589737322846885,0.026564936985902232,-0.9363207378429244,-0.28042003882559285,-0.11178923503494609,0.3210810566858284,0.4545289265066561,0.5414940602992182,0.28701469475028185
104,-0.1974234174413425,0.13381711166824672,-0.30100361888624905,-0.4557751783331643,-0.25708143283861595,-0.6493389947902677,-0.2018623698842914,0.5377697466081166,0.6621539187716667,0.7287442351259115
105,0.5329450417158901,-1.2947404316675766,0.18650001927803173,-0.1765134731622977,-1.767252741728091,-0.5032023728587616,0.14357641189105896,0.7147154824342867,1.0939504885107767,1.0700215755866918
106,-0.006123276879058448,-0.17214358135549013,0.05215393490056286,-0.47353004691755496,-0.45347576364118547,-0.6091241663652815,-0.18824669151400952,0.2766157278402619,0.6583103074260768,0.915563556505683
107,0.0637699491883339,0.06006043329904642,0.10548723444499863,-0.46296761730236113,-0.4371111342989522,-0.5337535824040991,-0.6584348662129313,0.48669105168698223,0.6577674892704923,0.718491042328516
108,0.07678395245398528,-1.6494369301916754,0.6127583071694338,-0.3867204463745524,0.18930015746228923,-0.577145401104664,-0.2904597870614416,1.0026328924550993,0.5424939640545161,0.4797932911370104
109,0.21891199476496537,0.35459032276742697,0.5216283270881963,-0.8797829381112723,-1.2295677900660578,-0.9210414515658685,-0.46277237510808034,0.851868085076827,0.5838880694781032,0.9622777556757525
110,0.4099525734492282,0.46822565505235936,0.5580957988506685,-1.6259142893208325,-1.8356416527364758,-0.585013697944488,-0.16708355062301328,1.0059051532204757,0.7528058372642255,1.0186681727878528
111,0.17759474981881596,0.014472678234566771,0.06696278754264506,-1.0874753188824795,-0.4861153563696492,-0.7578982290971643,-1.0617959293527175,0.9934296589616891,1.0321453596521635,1.108679599492158
112,0.39482693496973154,-1.000588576777863,1.9426441907455385,0.38579120968772385,0.32243925276276597,-2.2875578257619247,-0.1435994805314107,1.598784023130929,-0.09775844472934292,-1.1149812834961528
113,-0.046441431924321375,0.8975661517230837,-1.2324500627841528,-1.2043405431208118,-0.5393658241534363,0.23565189450548463,0.10838910687833447,0.18480922547621992,0.8130080383948033,0.783173445004794
114,0.9444775011262689,1.0706435813074466,-0.9089557906466916,0.2890787304589617,-0.47112860725804984,-2.862317601795331,-2.86089837021205,1.0765872571882071,1.7118146412197013,2.010698658611533
115,1.372592513360904,1.2509524097693285,1.2321416468237212,-2.12157731868374,-1.8943508451215711,-2.556924228239473,-2.475219632622294,1.4920347353650376,1.806195392860027,1.894155326488069
116,1.469480688752915,1.669017760756443,1.6347750636354572,-2.92967940174397,-2.7815319932500726,-2.7818819736746283,-2.3594151430584036,1.9154923551832415,2.071898792957681,2.0918438504413377
117,2.1096414163760207,2.1780457769935495,2.4032006042076315,-2.044989980986559,-6.119983344346913,-2.3345836071608708,-4.140519297635194,2.4448430378154704,2.762809861282255,2.741535533454609
118,1.048109288122557,0.6644224223011412,0.40418096278449367,-2.1299237097727204,-0.23756928092277318,-1.0578147481128717,-2.490410638000861,1.4032376972703284,0.9248928181974088,1.470875188133315
119,0.5468209078882489,1.013101843792907,0.4260737342970331,-2.26175562503708,-2.3028335792481434,-1.0012379235034445,-1.5807659172890616,1.426931160065973,1.8741866155622078,1.8594787834713675
120,0.6243680250728794,0.1654407796539683,0.23397835797912148,-0.32861234262846306,-0.6833197454134146,-1.3501353829659646,-1.1848166762729404,0.6450756272439033,0.9289006247898541,0.949120732541056
121,0.9697910376102501,0.7543786729740682,1.3530168169858594,0.05837730838304589,-2.8224232823004476,-5.325740187570118,1.1484928595148134,1.3151292550484597,1.438934246769963,1.1100432725841027
122,1.57807014053482,1.1730478681532905,1.6041555258631517,-2.175111754203578,-4.7148754270520055,-2.311301736713157,-2.2063024992939444,2.0413798228432887,2.4933114429970686,2.5176266168710653
123,0.09202067859275243,0.19926137460598614,-0.08295144864654613,-0.19438200298918318,-0.23043839222111107,-0.26829942786859906,-0.0807471344326407,-0.05831153197882433,0.2715636256516243,0.3522842592865416
124,0.3782326254406936,-0.03123316542407295,-0.07846840900861718,-0.03362402486508209,-0.2539843065032037,-1.1786536437019515,-0.7118826218054708,0.35522927479231114,0.5841708367736391,0.9702134343017672
125,0.2000590732177061,-0.17737615919572125,-0.07507058374436415,-0.17379981066304495,-0.5370669484341208,-0.7889645024870688,-0.4437677407651748,0.4834138946881321,0.632634946626931,0.8799378307567274
126,1.6420942335921196,0.43832320825804905,0.7871449090679326,-1.638710306915634,-1.5225628057552432,-1.6745108559977446,-2.677450239512778,1.4821079058495994,1.629483113343544,1.534080838070162
127,0.8283933613331267,0.028324765734843993,0.028813248349425447,-0.053642342443953606,-4.801316715000196,0.17359151430772934,0.7986833534057385,0.9582414987681154,0.8181981418013069,1.2207131737438726
128,0.16364617479638977,-0.5716454353790006,0.0613623186980683,0.019232788816575308,0.14087730290346023,-0.9525797208995863,-0.9135594442102022,0.34510101930721415,1.1302943336523725,0.5772706623146915
129,1.2380165463142792,1.4575889132347877,1.1773874555975157,-0.9853451462209146,-0.5053641990611077,-6.951460042753686,-0.8021786391660095,1.7780568471657539,1.635099272376932,1.9581989925124361
130,0.8811669000314595,0.3977072237023167,-0.3430931735316278,-0.527634952108202,-0.8263314106204884,-1.3451666379655807,-1.6217352348069873,0.6057436476410798,1.2385314368129743,1.5408122008450515
131,1.7447290531931658,1.3427071240705732,1.5337245339724443,-2.4490757959001526,-2.6892200720573256,-2.798130723517227,-2.730483158269486,1.488724424237014,2.4173268590542696,2.1396977552167105
132,-0.03560704604163645,0.32508051239086244,0.1058359527920345,-0.5340380547534931,-0.050418440935607656,-0.7574622866236451,-0.9753599097448769,0.5596613510657349,0.5658422054478676,0.7964657164027615
133,-0.13682512457443075,0.17796825411635186,-0.0054042184765732415,-0.6332448985077628,-0.4027313119906708,-0.28394570375457207,-0.3222051636720282,0.559881036683568,0.42094168809767574,0.6255654420784476
134,0.20322761644309928,0.29455437838570875,0.3259008112569304,0.15270895349294022,-0.9683634038362623,-0.39756415817642665,-1.5478895142998903,0.6216546138321069,0.6734323346543505,0.6423383682474415
135,0.8865815500736387,0.6094436050967333,0.15343833387322015,-0.06705923866912666,-1.3043246135028517,-0.624888570594655,-1.0712591535427285,-0.21046773155036025,0.6164470746905764,1.0120887441255508
136,0.598575157752979,0.7512746269662447,0.7364971991705822,-1.20745618786672,-1.0646640565868966,-1.1921787628688643,-1.0095281972051549,0.8130008685057746,0.7481292393696233,0.8263501127624373
137,0.22206817711794802,0.4718922612807015,0.6333162884965127,-1.3112434309763854,-1.4236368390338416,-0.9537806159677169,-0.7125483290407972,0.9700733375250552,1.0375463770092725,1.066312773589253
138,0.5003760021432022,0.7023058517879437,0.9185175768859266,-0.25687255858541524,-2.3083014984409473,-1.2708793957310414,-2.8156781829629076,1.3825133410720123,1.439130037091799,1.708888826739408
139,0.7054433664342006,0.5656577212909641,0.5772663384960275,-1.2654158633347095,-2.4838523212502595,-0.2844759282066214,-1.0652295872159971,0.8854855710438563,1.2110142497442018,1.1541064529983176
140,0.7559857369268776,1.0014349087298857,0.9858078589509622,-1.5699430993562804,-2.265908681789056,-1.916411958925587,-0.850187744925706,1.3766344483347766,1.37008601341046,1.1125025186436472
141,0.9066896819209629,1.0056265267503122,1.3152573509933214,-1.014681258533695,-0.543933730593186,-2.424679282470242,-3.2491215146691603,1.0065042249664478,1.196928666308473,1.801409335326773
142,0.17039413270430792,0.2817754712716054,0.4153463654781193,-0.8573957797488925,-1.128505805522734,-1.0704889869216574,-1.0479120794894552,0.730671253096653,1.2819241761724953,1.224191252959562
143,0.7868541042019972,0.4033727406734666,0.3808210133586547,-0.9994187243297938,-1.1688556668454604,-1.1335400372224118,-1.6971656888373547,1.0314008927356921,1.219817537771613,1.1767138284936074
144,0.7482182757926408,0.7411538257901817,0.894469476364204,-1.4912834292844082,-1.5561103751028917,-1.902358493241779,-1.3364856555730849,1.2283265100583032,1.327812459429711,1.3462574057671208
145,1.8292189012826654,2.227297840108962,2.5150710791262183,-4.719312188648833,-3.5925190619256857,-3.122767366718608,-2.320426922501743,2.288513403405238,2.452014067135873,2.4429102487359167
146,3.20698200618542,2.8893092618360807,3.0311865749653357,-3.314278160599772,-4.344042811581108,-5.578425318072864,-5.595512628214179,3.1079056637867044,3.3043146409948463,3.292560770699538
147,0.10432789694990108,-0.22425725783309147,-1.4216242408976416,0.03538420833188871,-0.11851737118660521,0.0581132606309982,0.4547807117193705,0.5181762085766666,0.42243094253642033,0.17118564117210466
148,0.5181581767066854,-0.018905220288012003,-0.16884402390447484,-0.27348764840347783,-0.5235985218788,-0.6963775753519399,-0.40593497267685397,0.35723778097730374,0.4936226322401627,0.7181293725794253
149,0.3749126912159557,0.6332888232801177,0.51083523095325,-1.5336053248720116,-1.8643123201094065,-1.499967373405963,-0.34211222648606876,1.0540513826168834,1.0345127710633495,1.6323963457439037
150,1.4359480600289465,1.4556961234412564,1.2723621994155967,-4.624163134729076,-0.45236978943728756,-0.9725476253139083,-3.562437911313463,1.3374791727663227,2.1581749447425636,1.951857960399059
151,-0.29048171936952905,-0.12172756758425773,0.34700563567755216,-0.5363245034886739,-0.2425150997861385,-0.20981624194201975,-0.41303457797738163,0.6891655444968072,0.45520081130933177,0.3225277186643165
152,0.5392193731049955,0.25190875735136853,-0.9151015833742269,0.0882621590812378,-1.019195491667676,-0.0026220190487866724,-1.180896023003647,0.7444263373864626,0.9226160712803533,0.5713824188899168
153,0.6743335809468256,0.6689464771500635,0.9120101237606395,-1.3428087732263458,-2.0245982182905795,-1.351176412020079,-1.8324506751820389,1.3301431075594756,1.4507499646954525,1.5148508246066044
154,0.3316716972879381,0.7654289495689737,0.9673888790864478,-3.859637174613801,-0.9127705023774033,-0.688608509686909,-0.8051736077358962,1.2752042476873502,1.374130247116783,1.5523657736665317
155,-0.5027853458696407,-0.3331944347023512,0.10697812377911742,-0.6017707820279243,-0.27442479807109965,-0.35180061768027215,0.10757597284440301,0.5836941784010525,0.6623093457154434,0.6034183576112762
156,-1.8801560116898202,-0.048948931800378404,0.05502807456647574,-0.43100141987657636,-0.45070473049969273,0.3207533195298984,0.2994742552152463,0.7301947735206085,0.8227731833300052,0.5825874877042452
157,-0.13993670059887275,-0.30525018392272685,0.1443306945451095,-0.3840908968704655,-0.6717634591825119,-0.605205069018111,0.09085835407093867,0.5674502929539509,0.6414462451647323,0.6621607228579451
158,0.8344757688885678,-0.17071093960948636,-0.8813722428511515,-0.3330064248075124,-0.11716594644287603,-1.1670085822959038,-1.4225392051059187,0.9070690179897198,0.9967384726640449,1.3535200815705157
159,0.3621224178819369,-0.9625450650847367,0.9768195886885298,-1.0537907989232567,0.06590894711904349,-1.662005593846622,-0.2660060989964912,1.0268790180936227,1.0377943613535363,0.47482322371443964
160,-0.32567848407091127,0.17776125075705895,0.19616367422090963,-0.6483154820032109,-0.8072469968457234,-0.6672650738187338,-0.018146641999892132,0.7512542483530673,0.697370959337368,0.6441025460700693
161,0.35204967271514054,0.41842415831747815,0.17861579870695632,-0.7984262095150951,-0.9305889405819459,-1.1708622333119276,-1.0591590200978764,0.7011629995747937,1.1598729297313701,1.148910844461116
162,0.6797502345152799,0.43112018487027903,0.9360968571156945,-0.9411172017511753,-2.882818000373019,-1.1550530575624942,-0.5526026852449373,1.248077072043873,1.2574649455571931,0.9790816508293041
163,0.9938765670578928,1.4064829134986128,1.3615138355890308,-4.639374593664395,-2.06650221945648,-1.555629900835029,-1.5504203590170649,1.9256865821288192,2.020860412197949,2.1035067625006696
164,2.1652025534749866,2.187721535483697,2.487941463969891,-4.339541636537879,-5.219841890495579,-4.047292105012159,-2.0427432891232558,2.844415988891022,2.9727174278490622,2.9914199515002142
165,-0.25605425434689577,0.09604806836594282,0.36522906011897716,-0.6386189577307264,-0.7392009050219706,-0.7138516320984993,-0.32483718961155406,0.6473553083964974,0.7384541741193371,0.8254763278088979
166,1.6497077689750235,1.452455292552985,1.6133080519269534,-2.0866124585769663,-1.3400220892632122,-2.2295897395805735,-6.195865770560842,2.382581096508164,2.2467392958437795,2.507298552174692
167,1.3463029010501044,1.1829110587333496,1.2430981934596748,-1.8684913930303597,-3.3223656061183013,-1.748434268200173,-2.9687559217869812,1.9294479411277603,2.101774941746263,2.1045121530186695
168,-0.311818013616592,-0.12586978459898024,0.04960074119627045,-0.3368876428398595,-0.859632851666813,-0.6056505646986023,0.26617770361712445,0.5970983936001986,0.6695287791315137,0.6574532398757347
169,-0.05610897564164041,0.20890456822995418,0.5620655801336261,-0.7226986864332376,-0.9914813030724194,-0.9963411794431538,-0.662966653174657,0.6950264105155979,0.9375766918223132,1.0260235470636108
170,-0.0509636082081788,1.0249526249462573,1.1853257248852511,-1.4469057290561071,-1.8980435475452522,-0.1569330164885714,-1.427566746631777,0.9115148500986381,1.0719274472604288,0.7866920007393117
171,0.6383238726485665,0.6281686280436327,0.798885077825167,-1.247314816405109,-1.4033520012260459,-2.341445344771923,-0.9324963910571746,1.2900768088276946,1.2862559784546832,1.2828981876605159
172,0.10928102391211159,-0.024097704159524724,-0.22655675417310928,-0.24820164012742918,-0.6171427395134277,-0.29121708113772105,-0.411567255205183,0.5004348877651097,0.7061431969311291,0.5029240657080551
173,0.13441066109222533,0.1406001279771063,-0.22983349582176604,-0.3549009768875768,-0.4716943133581539,-0.2385001071167494,-0.8468502540677028,0.5797476629941025,0.6467055219059974,0.6403151732825352
174,-0.2053497644718667,0.04102089642444584,-0.3109188433791519,-0.2692305328817559,-0.795331575484671,-0.11202100518641434,-0.24445229830944548,0.4553750998481312,0.5605985873117576,0.88030943612898
175,-0.4705497494660902,-0.158048510196092,-0.21406737398871245,-0.31478040069578306,-0.28254740557682734,-0.4992485027673257,0.14903824812573507,0.536616150038757,0.5914701593730776,0.662117385153266
176,0.1887600045230382,0.2744280069341034,0.11957788753919907,-0.5483609387195143,-0.6245181975862408,-0.9408416628895493,-0.8750025634731822,0.5051430381423732,0.9170947917309649,0.9837196337988043
177,-0.8717481483324399,0.6273354363334791,0.40737042358796804,-1.5723796247169577,-1.9151066895015108,-1.3003775085223108,0.7490671526433879,1.2956487696213763,1.1384053383471282,1.441784850539884
178,1.0100712453404839,1.5031077357003193,1.5176752063712335,-2.1972637178446908,-1.8146131627382496,-1.383251246113435,-4.327028052316674,1.8838738569957547,1.895200147551808,1.912227987053451
179,-0.7005642640889169,0.04780652001877739,0.10414003216058276,0.01780869641147209,-0.13578395204559124,-0.9623377434252087,-0.43640728998127676,0.64628844861697,0.6166711987909852,0.8023783535422129
180,-0.11789519266774473,-0.14256975818592643,0.19336293436903151,-0.4476011568447893,-0.8025158223084139,-0.4964168367051478,-0.17943781332834163,0.5744007924287233,0.7212062185509298,0.6974666346916853
181,-0.23289363462806634,-0.1729969684650916,0.18263690724371973,-0.4584226522363446,-0.8191482644857411,-0.5414907478752671,-0.04839649038447291,0.6626018274429262,0.7680162884497692,0.6600937349385587
182,0.7588608756581117,0.44551215043673853,0.023859781880031683,-0.6545130297494604,-0.7322905320925184,-1.697637311071555,-1.3129510474914365,0.5350338395099232,1.1947762824633736,1.4393489904567902
183,0.7782882187376381,0.38267504674275,0.8995383849344747,-2.0976677151595142,-0.5728189630374847,-1.1544174703966443,-2.2715524722374365,1.3373624449096515,1.4107569612788553,1.2878355642277177
184,-0.16745214250859597,0.08785784305427669,0.4364342463276696,-0.8645327767435811,-0.9779071874390555,-0.8959415978437733,-0.37744840030343596,0.934023954550133,0.9883246513151249,0.8366414095912411
185,-0.2026786643997447,0.2026614262473796,0.26066359403625317,-1.323654074368859,-0.7700033932402119,-0.43762297135052197,-0.1990396722602088,0.8154612710501494,0.8761376894202328,0.7780747948655398
186,-0.44547782069565267,0.4901600616475843,0.9277890934384967,-1.4960639027733693,-0.42191046333612503,-0.18959699655035722,-1.7321029648238428,1.3260491244766097,1.126344997467828,0.4148088711488427
187,-0.17876524767902158,0.13892686422064404,0.42495683215621316,-1.008027175807781,-1.1202078975165963,-0.5640567458348347,-0.11661637877224251,0.9258937606880684,0.9382983724142315,0.5595976161313434
188,-0.0828806625167875,0.11160768265821286,0.2031624848627045,-1.2799943557722377,-0.7618191810704804,-0.5206166224484434,-0.35384821520607534,0.9348225115236337,0.9438651679786849,0.8057011899908169
189,0.16177618382755998,0.06390296380947369,0.9973600336600441,-1.3404220124281547,-1.5320907961963233,-1.4281014263860952,-0.004554726582918001,1.1297536338278187,1.0359279194290592,0.9164482270395524
190,0.26806006909984603,0.5093242340013449,0.3716288471191911,-1.2221491505349875,-1.795479296376958,-0.8827837637913514,-0.7699379034522829,1.0287349426504937,1.3897276585610694,1.1028743627236555
191,-0.06708441778545637,0.8150986538112139,-0.8919623787410775,-1.7714948587291335,-1.7297628969842669,0.7395897671023506,-0.5481023021423095,1.2367316364954024,1.2459137875543624,0.9710730094189284
192,0.23638500809927088,0.45854035005306537,1.5345090643713877,-2.5702754910923566,-0.9550766674641631,-1.5592644683955157,-1.2688804225042596,1.7246896705572419,1.5170820327537036,0.8822909236216421
193,0.47337555986769564,0.6586056898548667,1.5777074667283673,-2.162173022931177,-1.828260309693,-1.1365152242699348,-1.9387804663443533,1.7404747159396607,1.3417944200124805,1.273771170835408
194,0.4697570190320137,0.7587926324889631,1.3951727874454836,-2.8530819989088756,-2.451424679034864,-1.6035912445519709,-0.8520818636584995,1.8586811198840039,1.7840799727501429,1.4936962545536208
195,0.8437326681081743,1.1435914869205215,1.9073000425809283,-3.307457354907948,-3.014186626167117,-2.186263414460684,-1.854059192874801,2.3931142709639612,2.137840111123179,1.9363880087137968
196,0.09942355813340686,-0.18986499899232356,0.34673780748554606,-0.2941474389693681,-0.32308505346719407,-0.1825136623162562,0.570689279882818,0.5375544725558061,-0.005034200789285848,-0.5597597635231448
197,-1.0767770127792522,0.5179883160405132,0.8431696881298114,0.26025145619178947,-1.1151645893846434,-2.486991044438994,0.2848583882664335,0.6886210596066467,1.0531451601489605,1.0308985782187339
198,0.4439416410267478,0.06761424092426793,0.03266736906386569,-0.3108277157701451,-0.24587840718505305,-0.6513825991019986,-0.8164238767085861,0.10429532472133918,0.6878901558598765,0.6881038671696675
199,-0.008690231151801342,0.05916205336487046,-0.17298253142431363,-0.3064696119204715,-0.4892337542627825,-0.31893018191258626,-0.42578843186669957,0.35653187750408044,0.6208707472828277,0.6855300643868567
200,0.1427550438714853,0.011495877489577033,-0.18081329805230872,-0.2247390239617877,-0.3333589784266042,-0.38618122750776873,-0.9496671647810251,0.40734726336188043,0.7263417822300982,0.7868197257764447
201,-0.3217506807087309,-0.19607783679478352,-0.0077495267738090234,-0.6520935778002848,-0.5596436093576447,-0.2099168256483468,0.10089859187907191,0.611111891509573,0.613228077534373,0.6219934961605746
202,-0.16062898761563815,-0.08114752380076595,0.017133179652748076,-0.6960710538919663,-0.6928708027360164,-0.3603514345173098,0.09510799388364433,0.6066836571767027,0.6768049693003952,0.5953400025481921
203,0.13688684311419763,0.05786208033764595,-0.18452836950676588,-0.04845970388583165,-0.2943641956469971,-0.016148106157084285,-0.4028577341432049,0.14258466369964307,0.21784232607731902,0.39118219611107286
204,-1.2480247702597564,0.04562950915616781,0.5982394078625171,-0.4171424155735024,-0.17072340713999568,0.11206022221045364,0.11964926297149425,0.2160606247435788,0.5903533318610856,0.15389823416795734
205,0.3520490281752915,0.31300074110967824,-0.21818673105976538,0.008137341897497485,-0.5927798780702944,-0.7870129785433866,-0.6578878625571929,0.27201697473485265,0.7304380441050267,0.5802253202082843
206,-0.21089461449271063,0.2408840542127919,-0.09499761221702308,-0.36603830253385183,-0.5119463644313171,-0.8934718751712509,-1.0230227092278117,0.8880956711440291,0.9244612956230078,1.0469304570941187
207,0.11737157134713971,0.18005952342885223,-0.27873342010714275,-0.05851942307578861,0.5814317974389533,0.6244613500713658,-1.7523487843566192,0.11397586251540348,0.3490233853460367,0.12327813739182503
208,0.2460132997733151,0.22601176850697868,-0.1560936524636789,-0.014762458255847655,0.08649082818148379,-0.6381215620796397,-0.43092915259865716,0.030736074159033677,0.3544339524856568,0.29622090229136955
209,0.3332329642381038,0.25341695563224365,-0.6583813373816163,0.24185283655189727,0.09781121896964429,-0.22575404442700187,-0.8216565810189413,-0.511853611585527,0.5734467917404245,0.7178848072807962
210,0.13781302939767226,0.5186499240728883,0.041556163793949885,-0.1968942708537984,-0.4157669873783618,-1.349837571961018,0.6427085679464462,0.30950175129083224,-0.11681774086076491,0.4290871345521765
211,0.14270833125412175,-0.24568613443784137,0.1560719398258108,0.03507238431058113,-0.09845117419582117,-0.45104446474641513,0.2987606627566848,0.19882640879280267,-0.0186501610066383,-0.017607792553299362
212,0.1963957093483053,-0.1890787211360454,0.13171675652873915,-0.025412459534937426,-0.061227237646916066,-0.4828936715074832,0.2363207148229325,0.21176645676034944,0.02895493392112769,-0.0465424815560862
213,-0.1770937160963193,-0.2410550282053947,0.18879764035640179,-0.02836731018976124,-0.152288595566203,-0.04650552350728887,0.3617527596080983,0.17872601584689107,-0.013683506784373023,-0.0702827354620652
214,0.0011751174411616105,-0.180468543854297,0.12489684641477172,-0.0341116700177464,-0.18085662592468665,-0.11438716343089617,0.4109000034529835,0.21137828607052178,-0.008335090079877538,-0.23019116007195084
215,-0.9451288395312822,-0.074883663270775,0.10477438599978761,-0.21283466558590014,-0.13802063578455837,0.49746227761771955,0.3847241587676713,0.21937564572430723,0.16580744195980657,-0.0012761058967800665
216,-1.3110239777106791,-0.11466802141086507,0.03407395107700406,-0.21512457633380588,0.014184985923336946,0.628638818740697,0.4467241497261094,0.32964345399188133,0.21010004247357017,-0.02254882647725598
217,0.8326864757628774,0.6540803357945406,0.24888107153282668,-1.3351938512592183,0.5041938535406816,-1.7347377548598324,-3.2557770250446083,1.2962569446243029,1.3139101343887507,1.475699815519695
218,inf,inf,inf,,inf,inf,inf,inf,inf,inf
219,-0.011023325970149322,-0.14237746997872947,-0.13190037130077936,-0.4508815335696008,-0.35877798618495316,-0.2144843595182513,-0.3165160458732359,0.4043143590484526,0.6291097979302398,0.5925369354169945
220,0.10989410080015283,0.31363761376485666,-0.2342567673748821,0.15161557717196228,0.09872385510153503,-0.4697377114416943,-0.373290127800848,-0.02027019742352909,0.1924364477540852,0.23124720944835442
221,0.042503926626581645,0.32031874542089245,-0.15248358239481696,0.07588157046768185,0.09541257161881678,-0.36883650704145143,-0.5050722846281843,0.001232282588129685,0.20441739520743596,0.2866258821348948
222,0.09214220917816895,0.19047951226718407,-0.10324018798410606,0.03719092539560709,0.045643973452484055,-0.46228419280363564,-0.16777026485323887,0.04275485262993417,0.1952148027232603,0.12986836999432416
223,-3.1471782795100784,-1.1578798216963824,1.886702905794932,-0.572856740444831,-0.7590401403863347,0.6409853775276888,3.0683012065849695,1.5168451860858445,-0.02237402968623181,-1.4535056642695894
224,-0.01820516994079613,0.46509957386094936,0.1559445458256299,-0.8673801266297656,-0.07243338740116068,-0.5812219678481694,-0.2626862348196273,0.19230102667790394,0.37710573911235246,0.6114760011626492
225,2.611493033084428,2.6903184562984723,3.1361279174786763,-4.393065917120574,-2.5030195425247577,-5.079893584443665,-6.636713060000518,3.5833065554110517,3.4466938541823398,3.144752287634531
226,0.016041618198618046,0.3857489977933528,0.19109610064732774,-0.089483597928254,-1.1012407942429063,0.0009242367061830237,-1.2698865715262222,0.6840990255342363,0.8337880115653542,0.3489129732523235
227,0.1879757916429714,-0.9757490288433677,0.20597395292034593,0.44432099676833214,-1.8777763201584707,0.2524030869602152,-0.402565907667062,0.4925260003398284,0.9104110973205182,0.7624803307167021
228,0.37599365285543085,0.33988623565108034,-0.4099801415054882,0.26165587824615955,0.540899395915849,-2.3879533395231425,-1.057108936456188,0.7992497615988778,0.6748130558477659,0.8625444373696491
229,-0.49108187253710334,-0.04019623495872615,-0.38274187527743564,-0.3719515949462444,-0.2727910847945232,0.07171402886903966,-0.40059060622676146,0.5118895125811997,0.7316098266413551,0.6441399006491935
230,-1.878734971168866,-0.7930667664680531,0.6233487967620608,-0.7098048654445508,-1.1354079477472068,0.3876793925411768,1.7561283412321096,1.3326036254467795,0.3401645694751556,0.0770898253713872
231,-0.5390023945419791,0.34610461671320625,-0.20761923826473927,-1.281410391427494,-0.37039648263896874,-0.8350951891982601,0.5007326213829497,0.4064523970125822,1.2272727266670382,0.7529613342956578
232,0.32633085767746195,-0.0683777129858214,0.013225521514660166,-0.003708717222116853,-0.40178718898969645,-1.0589723192631277,-0.5182396021632005,0.6462540638313534,0.47401469544989716,0.5912604021505663
233,0.29879999087046283,-0.1890191298855184,0.13082171376777563,-0.22292877992988025,-0.5110599738472912,-0.9273077822086648,-0.09569520706091694,0.4400434381707887,0.4609464446801166,0.6153992854431074
234,0.05311425473163389,0.23875275543790409,-0.3622189954509363,-0.1397809980422906,-0.2935939123650817,-0.47634751669464315,-0.8607645942596838,0.2155515957649783,0.7217447725072645,0.9035426383708138
235,-0.08670306699800667,0.24210620191979837,0.16482078817671342,0.13463651805748134,0.05592467955281366,-1.5557694670222855,0.4086587039050227,0.2736428408900178,0.35711418632474556,0.00556861519369134
236,-0.1867503733697875,0.285438985634622,-0.026374406253261817,-0.5072630489473591,-0.38007097744895635,-0.5827533112043426,-0.5219166376244591,0.4357637169451083,0.6196369593376732,0.8642890929307585
237,0.006673550820802454,0.19382167051501664,0.11653625677193169,-0.11478788545515162,-0.5115545824221046,-0.7059336124462812,-1.3765914216659652,0.43251621712652355,0.944003601594888,1.0153162051603246
238,0.5779791176171063,0.39052686355238375,0.3716523899740096,-0.6281383889231291,-1.283554577146644,-1.2780219101910806,-1.3235103254365272,0.9154395118119423,1.1110447260825724,1.1465825926593602
239,0.6888310707117911,0.18113907191247547,0.38092751727249263,-1.4467638889479963,-1.4017403590304198,-0.22843969252653107,-1.6682499699713216,1.3921666890150077,0.8714161608347348,1.2307134007297589
240,1.3504524116704646,1.7895312743527247,1.9314237558928147,-1.7734665609993878,-4.728443031081811,-2.3184421065575904,-2.7470251285791276,2.1165586555013727,2.316907571260531,2.062503158540008
241,-0.4356540195705385,-0.06085716523204043,-0.04270251561425242,0.27661413121912526,-0.3356835594654739,-0.31751057038177644,-1.5233685730038458,0.9068039796232745,0.9074078611169907,0.6249504313085272
242,-0.38518828480785405,0.22030115177106957,0.5725838865326685,-0.3726628138363193,-0.5694528422785234,-1.1649051906506536,-0.2745478780134194,1.0944528457117184,0.18840896185656675,0.6910101637147394
243,-0.20730742513468492,0.13321090619617681,-0.164963763648033,-0.21847880870960257,-0.5916482039922268,-0.7082722414546465,-0.12116560296094026,0.5731875766953998,0.5842098209549604,0.7212277420535873
244,0.7506403820407797,0.609890765946536,0.8071493594370098,-1.5937418070557277,-3.4316566208721166,0.13083933621096788,-1.8616383462899155,1.4333601681843873,1.606152482144783,1.5490042802532833
245,-0.138334428792942,0.17108215465254606,-0.3158619061694239,-1.400045515898125,-0.011024717203445444,0.13952958832054563,0.2898044818328738,0.16321694935079067,0.6330604095089529,0.46857298439821937
246,0.8643338200711028,0.7895619933550808,0.4582060484731496,-1.3389398539603121,-1.6486416948652014,-1.3701552076338546,-1.9128215717820076,1.06925904435189,1.5014426960936014,1.5877547258965308
247,1.0328741088086106,0.7150325766960983,1.160733248072363,-1.3341423906592174,-4.107319231382239,-2.0897860211142256,-0.5426209750333129,1.87773291586582,1.488618741175944,1.7988770275701413
248,1.540888183966708,1.7207415947072682,1.3991470618561181,-2.075487784437838,-3.5887974984057487,-1.7433250339240387,-3.139576459476759,1.945467124614265,1.9583342963777857,1.982608514722219
249,1.6587644069511658,1.6998469808577106,1.299800495493959,-1.9010280330870124,-3.39736466845121,-1.02137748727072,-4.533106130243376,1.9313106447835304,2.2496474887012425,2.01350630226469
250,2.3068013853444844,1.9471110056314487,2.2392434138502777,-2.746157612620169,-2.881904532727899,-3.4773481993506383,-5.432683493798909,2.5876959102266017,2.7548784921076663,2.7023636313371187
251,0.06766910238018298,0.6425254654531778,0.34114089376724044,-0.9390230265996526,-0.36931992239673406,-0.8558268779012812,-2.134732671631286,0.9946840455039778,0.9505500233113633,1.3023329681130198
252,1.011229563713306,1.226445178440264,1.4199927214413175,-1.6449653181823964,-4.805902169896269,-2.3666973541470897,-0.5658151219834466,1.8659781137510163,2.006197112863648,1.853537273999661
253,-0.24137278555727537,0.3150570261410559,-0.057774250467886645,-0.2745134163059584,-0.1606981157890779,-0.17265711339521506,-0.19692919428761613,0.3074772213372752,0.09297261959309111,0.3884380087316215
254,0.42442574732824667,0.48825796909990293,0.3339315013755395,-1.3682435308316625,-0.40796822702640734,-1.6623316718408436,-0.841904151274292,1.2045996866965374,0.693599235989772,1.1356334404831907
255,0.32894801232083104,0.5772892839002495,-0.6885880163770319,-0.38955497145507456,-0.2999622038420444,-0.9033357182921558,-0.7271150964565916,0.4574752598966789,0.6855918644750689,0.9592515858300628
256,-0.1675989282879069,0.12699013102906864,0.004433758676929855,-0.42259775183098025,-0.5719907701519764,-0.48233091379953663,-0.7912530924248431,0.5745659367499893,0.8410683677180657,0.888713262321172
257,0.30377082100422914,0.8630578509925564,0.30346932972272,-1.6617102223863978,-0.4334357398261517,-0.45184675355510695,-1.4888971630874421,1.121957947967927,1.1455034082971123,0.29813052087054936
258,0.8155789510871294,0.30409367069152937,0.5206091374948572,-0.7620526044704312,-1.9711834342174832,-1.3615632253333965,-0.8567198560364615,1.494413583225949,0.6077557139057803,1.2090680636525186
259,0.552976224281406,0.363058770313089,0.7860251145838433,-1.4104799836317308,-1.6542371564884153,-1.1132207616033518,-0.854338284781269,0.8092684930494403,1.3650247873244412,1.1559227969525412
260,0.022933001632746475,0.4678174360203702,0.7653089858246016,-1.6274929419318953,-1.7519839581816044,-0.8735784224766183,-0.33351419311048236,1.27069254193552,1.1628417424189408,0.8969758078684098
261,-1.2626121965842991,0.558085664890863,0.4664018179775362,-1.6817941831744274,-1.589651566226423,0.11623150056683329,0.8437337010155503,1.063246717051869,0.57644748600051,0.9099110584819878
262,2.0302149348571596,1.8923670350502553,1.7727238014636484,-3.3133866449741474,-2.8063792581283677,-5.433849627685085,-2.021550172042834,2.4087789791886003,2.7363143087516235,2.7347666435191407
263,,,,,,,,,,
264,0.25254272629705277,0.10091823355414409,-0.2848480667742761,-0.3899923046588767,-0.7794244480326751,-0.4795372499404409,-1.0300457600561193,0.5893194578380463,0.8714515820566389,1.1496158297164856
265,-0.285066644401911,0.1373708594725711,0.10858583979848291,-0.3311927065276157,-0.9463145582554899,-0.7734098930665523,-0.5191753355765485,0.75008375630863,0.8952085847989064,0.963910097449503
266,0.29960288311904826,0.31621899480380344,-0.6158820803216214,0.07331092072707834,-0.7545740517410104,-0.5246475332161271,-0.7593981117904751,0.22669754601683056,0.7539059960063761,0.9847654363960863
267,0.1630781424140526,0.1299418365355436,0.340308960019434,-0.949682427424726,-1.0014053486397883,-0.18406974564675993,-0.36332125890934464,0.29754428718608494,0.5602601139052563,1.0073454405602469
268,-0.28117357711681734,0.04656023384711627,0.002042763081552046,-0.6185777685306002,-0.8268094198873559,-0.6145536125977369,-0.2777516348467204,0.8328783913855711,0.8774164408005571,0.8599681838644253
269,0.7027176958217343,0.878229070524541,0.19936762291304166,-1.0855561763800599,-1.2039075993378914,-0.624890682984129,-1.9993065864772626,0.48893889340581964,1.191130151382163,1.4532776111320462
270,-0.4791517500012996,1.213811679733369,-0.5709525627181957,-0.5747740475697793,-0.47576258012971495,0.3046903613909344,0.40888194983251047,-0.381410180878726,-0.3793531847716869,0.9340203151125968
271,-0.015041044805882642,0.34176214119322257,0.21589879443528304,-0.8097490528694795,-1.17442567473522,-0.23512726095639191,-0.07384105108053163,0.3499712682190941,0.6968506637242831,0.7037012168756265
272,0.061915598145012574,0.42074493992405326,0.4919774861254931,-1.2720064429302336,-0.4167424368820032,-1.0102217913105243,-1.146412329615246,0.6264399301889831,1.094717353641176,1.1495876927132986
273,0.3770427365411937,0.5366708978730994,0.29162765705721405,-0.9363800620430354,-0.8544171815236394,-0.9004088152229475,-1.0614729035603059,0.5801490816583907,0.9658449709965957,1.0013436182234443
274,1.7600811283575188,1.4984944048808062,2.1855012074280076,-2.2214131073375354,-4.527004219690648,-1.6920395129492198,-4.385722843655987,2.521338551820212,2.426393613726529,2.4343707774203303
275,0.6255355723137779,0.4903929182576894,0.7331254402138869,-0.9244570941275896,-1.0537444097269413,-1.7309353512536374,-2.444900745615101,1.270360532185708,1.4043137478269028,1.6303093899253085
276,0.3342240975791748,0.07050329579413273,-0.2525864644224525,0.316871155489169,0.030594002976760848,-0.2666791979891858,-0.6785206839499303,0.03566718241282718,0.04972319835059302,0.3602034137589154
277,0.3201771148742685,0.08156673826709859,0.17865231034666174,0.3762571588238872,-0.07337755534314283,-1.1238120329456773,-0.42191254797662836,0.1588351635354588,0.10523178161475588,0.3983818688033409
278,-0.17916328216804533,-0.12462737112683175,0.04927186775553949,0.08139393362338954,-0.21832770939894175,0.16500324337864836,-0.10623392115060248,0.21381580147835244,0.0357459766350301,0.08312146097347117
279,-0.06791566227466372,-0.07239034920801313,-0.06867426654309838,0.13720817261061047,-0.13979340470989676,0.04544869985564315,-0.3999534652815866,0.1555358972742802,0.13369426656230043,0.27684011171442613
280,0.03438951655146383,0.0711332610080131,-0.05313567047783074,0.15958972424123363,-0.19987254158493073,-0.020675694850259774,-0.4033409443436726,-0.0014852527086643974,0.22434125403824812,0.18905634812641203
281,-0.26847385369666643,-0.12561917098454334,0.14236502105937276,-0.018367565005021014,-0.23930354097400475,-0.05093673531366161,0.07978720539287742,0.2862622709126921,0.10822034511636414,0.08606602349259518
282,-1.1317100108356413,-1.2982403401747802,1.1225961292055846,-0.3149773177975419,-0.6651757109350815,0.41350812105093926,1.692963913088497,1.32893295512618,-0.33459280493207455,-0.8133049337960823
283,-2.4776386631060157,-1.6030586837735301,1.9588995626671988,-0.8231214859722744,-1.0030537101579569,1.240929398787718,3.170172440164138,1.839033706329852,-0.7061571872393042,-1.5960053776998286
284,0.4271356268334463,-0.057639901516696845,0.8797458797619737,-1.7171386963050235,0.32394872140241127,-1.3497123217142926,-1.4252471292878313,0.5448956397614948,1.2117176425870242,1.162294538477501
285,-0.22109546166742344,-0.06780363624351082,0.01214081774373188,-0.14805108148553892,-0.21213311080227548,-0.08652870867460383,-0.34775063508389437,0.26482889240463514,0.3686733483281204,0.43771957548076657
286,0.30735171144599693,0.21355229865496028,0.17712248357529292,-1.3053796247182077,0.08595971651090117,-0.5531424110151182,-0.2492679129120745,0.1929484473292491,0.40222466802705714,0.7286306231019273
287,-0.17397553429412316,-0.0699025967973066,0.30837347537211635,-0.2876063933010444,-0.4858488718052154,-1.0606579201635133,-0.14682896333685225,0.5932180712760049,0.6823848120191469,0.6408439210307675
288,-0.20685267410462682,-0.12613022388519024,0.15544266218597702,-0.5852242608957452,-0.651257689393212,-0.6423005943033386,0.0966320332866566,0.7126353313307012,0.594305143182976,0.6527502725957817
289,0.7929649314250979,0.19539244625715835,0.6722080371634003,-0.8851464048763877,-0.23088585141130036,-1.9776190025700537,-2.5969319557447843,1.0584227319797521,1.525747737111383,1.4458473306657171
290,0.8592032554335276,0.9197626292520749,1.1157360842419957,-0.9598027841799297,-1.3442226988789017,-3.0531237765119164,-1.950564284751141,1.4015220723369257,1.340967686242296,1.6705218168150555
291,0.5053147919416392,0.4742423224277692,0.01638722365901213,-0.507435455509957,-1.388793914613725,-1.1351896918884137,-0.30881685320051,0.805385350807585,0.4785709356563901,1.0603352907202224
292,2.1549539212329654,2.0788721248171784,2.2578525667811586,-3.8070515274735026,-4.4301765670072975,-2.7307547921584887,-3.8137518331415627,2.6231913089564047,2.840749591667663,2.8261152063254915
293,2.3158358993996915,2.3824008202143236,2.264991426476567,-4.13618000238473,-3.4438032161905956,-4.4813470355079925,-3.5225239007964393,2.661244644748227,3.0242843330543625,2.935097030986607
294,1.3408155878381525,0.6797783643655801,1.325549861488633,-0.7532149416030833,-2.565378972626762,-2.991434145700608,-2.3061130612798237,1.719340981448351,1.7126750123395338,1.8379813137300287
295,1.116602658530776,0.30182248826684344,0.15061940488906878,-0.6863631528174077,-0.3851860616931466,-1.2252116596969733,-0.23801224688986977,0.10277487524880868,0.2113952611194332,0.6515584330424771
296,0.26486506712388547,0.3036603583915438,0.44599624228072177,-0.22828414905836203,-0.5286923500824017,-0.36771449205792717,-0.14764247054365187,0.2656819055141497,-0.02160427734563486,0.01373416577765596
297,0.5837510674957991,0.4004243220829702,0.7757915838792946,-0.614776306477355,-1.600913001477037,-0.9199181298308257,-1.1407860640165426,0.8000510176121458,1.0622750344113538,0.6541004763201959
298,0.25928116796611356,0.2789194834770239,-0.1309374501211389,-0.384841211966239,-0.571226585426241,-1.113386165411768,-0.24634256618556805,0.33842062223618274,0.9252866802788677,0.6448260251527547
299,,,,,,,,,,
300,,,,,,,,,,
301,,,,,,,,,,
302,,,,,,,,,,
303,1.736312965189133,1.9000617828571347,1.3423817035664998,-3.047968213586555,-4.938538270954583,-2.660343990882703,0.24906206827634803,1.609884068524214,1.8918830424205275,1.9172648445899956
304,1.1875628248265322,0.9917715009520869,0.8343340808933437,-0.367104367696673,-3.1945326148094737,-1.7457166563042794,-0.8634276167575141,0.872328239658863,1.2619513272616087,1.022833281975502
305,1.390052810084244,1.5910211416951565,1.3267004155471636,-1.9862836180525552,-2.283471326053613,-3.050340686888883,-2.3398179956085974,1.4484052807019152,2.010157640673704,1.8935763379014592
306,-0.2373459533433282,1.1352839327257005,0.08692769790614374,-0.6320183600588223,-0.46057101173165416,0.10125139594845312,0.23964366369248502,-0.3468116165868853,-0.7946011986324484,0.9082414500803431
307,-0.5042791375750819,-0.18592566168103364,-0.05605844625940648,-0.36805659192053053,-0.399250094798838,0.22098934270839,0.16731462410397224,0.4010855581877877,0.2629460654777853,0.461234341756942
308,0.6690603822744268,0.08483989926888613,0.3730933109783101,0.0174233044487071,-0.35461838235284215,-2.093490149216014,-0.9161014889830132,1.0400929436535842,0.46443405190975096,0.715266128018202
309,-0.06588308817045707,0.025050276963976437,-0.3063030755349656,-0.1772357373569946,-0.4951993605529612,-0.4952041900914832,-0.5576280644975817,0.30155458285439707,0.7968020796293489,0.9740465767567068
310,0.22414471271336822,0.24602592861858774,1.0335719664277079,-1.8072255728262503,-1.568979055138664,-1.4775865878505874,-0.7413903501766894,1.5089590997779707,1.3649342720406255,1.217545586413931
311,1.7477555896338028,1.6752062378829375,1.451403534047584,-1.9585193219397694,-2.7482011794631025,-4.470505161106456,-2.474441796677448,1.962153077785806,2.353502609346725,2.461646410489916
312,0.10541136535176499,0.1492562900826968,0.10254121489411006,-0.26806462110292006,-0.50451004820144,-1.264729856545216,-0.4836627265592037,0.3737865761415611,0.8244836600820236,0.9654881458566251
313,-0.07917877871055312,0.31240281906738154,-0.8667519211192254,0.5545651692622915,0.08373573107228705,-2.5113159606671207,0.125191256040174,0.5215965634891444,0.7094532303249101,1.150301891240721
314,-0.08965790036329313,-0.06966614060372489,-0.04495848851003181,-0.17888758082181822,-0.4846445328163882,-0.2906324513556804,-0.4808022541076107,0.5759537138848954,0.5537526717613988,0.5095429629322599
315,0.8439711365933582,0.5651313454163205,0.22800978019994322,0.5320399539929146,-1.7658745046609692,-4.330674315625037,-1.0786048126486347,1.8556412691287636,1.6328744019877708,1.51748574561557
316,0.8995518975290895,1.0278194755046317,1.2848157599276915,-0.229397304479678,-3.819492514626872,-0.5388022746465646,-3.0733291335609687,1.3148941367616187,1.5917011583885134,1.54223879920254
317,0.6459357591273642,0.8125481843096409,1.4033439869688733,-1.6109623466701117,-2.901497274958398,-1.7520515682563431,-1.776822270638765,1.7149055754376823,1.7193889570945737,1.7452109975854846
318,,,,,,,,,,
319,,,,,,,,,,
320,,,,,,,,,,
321,,,,,,,,,,
322,,,,,,,,,,
323,-0.014816392764287478,0.062119933639881886,0.08973569240830681,-0.5101918071892193,-0.819855936942572,-0.6187008257818816,-0.1896322293452064,0.5589646919101936,0.6736506930941495,0.7687261809706456
324,0.4161961010598749,1.0277553584562074,1.1042610103410682,-0.6941456062154137,0.24550983817861471,-0.6799162590201782,-2.273115980443835,1.0333456349997343,-0.3621558781457572,0.1822657807896948
325,-0.023451823537822047,0.12754199899267693,-0.19495621842369726,-0.5118642524458781,-0.26221290971826106,-0.6364757567870454,-0.26543903697206694,0.3678593347458987,0.6855796388613014,0.7134190252848827
326,0.2673080920201558,0.24446011742510976,0.16901238077785052,-0.6911489060292073,-0.6552937394709506,-0.8403464986512441,-0.6839725263117407,0.6582228526651406,0.7010368180683981,0.8307214095064843
327,0.2539094810166116,0.09710837589009902,0.30937231385754815,-1.7534252517635058,-1.4641097145814046,-1.005608566818598,0.6901377220493132,0.972762026499137,0.7372689577572995,1.1625846560935162
328,0.02422083855227619,0.30625817545904965,-0.9467626023229627,0.04047244981683917,0.09037832385799582,0.4926219283952644,-0.24509010253857522,-0.43299581912711993,0.2417030896612431,0.42919371824599395
329,0.16487724485180966,0.1304437477879361,0.06474050073710735,-0.36979850018307214,-0.277304375270119,-0.7289717697624898,0.07690532089676427,0.5721015945666776,0.06294300358737548,0.30406323278799086
330,0.6495053789626426,0.6421105712101731,1.2180576955168823,-2.3983277603970103,-2.4481404223701886,-1.8964012430826704,0.11119187751605031,1.0562676986275523,1.392569085168612,1.6731671188479473
331,-0.0016719446082520406,-0.2100793990036678,-0.2539558720265682,-0.22491944797281693,-0.1285475496476467,-0.8397969329750032,0.08437116100476061,0.18707495401581964,0.6624242741709714,0.7251007570423886
332,0.38331585164591875,0.46462990352608013,0.781828161482911,-1.1693443108080703,-1.9372136051862987,-1.2792076323688892,-1.0953048533701242,1.2791079778472008,1.220616175069364,1.3515723321619233
333,-0.3691072083992841,0.058706306966099575,-0.022416844357796784,-0.08745635541377084,-0.07876587989582529,0.1737079816824414,0.0040814855969362185,0.13599783981395142,0.1594382485985273,0.025814425408724695
334,-0.1751951627648083,-0.17434292740324242,0.10693346969803574,0.003222068555515989,-0.4929415009704732,0.20475681332828088,-0.29380537835143006,0.1707850628911931,0.49245889329133696,0.15812866172558948
335,-0.023883952123208374,0.19110278753820698,-0.11594711829871418,-0.23318851475208557,-0.2995396150108567,-0.4648300520315507,-0.8683716228710523,0.34550833095569455,0.5326169921762114,0.9365327644173682
336,-0.1519547009464306,-0.19761564317100966,-0.04564683019632643,-0.1608259192023942,-0.13665787355334658,0.0801088867230284,0.3854944714934758,0.19908013822059356,0.17535111322193853,-0.14733364258953774
337,-0.035817134956761976,0.32318766746390803,0.7531733750184344,-1.315918208572704,-1.184540327121263,-0.8337667992373685,-0.08243035014658151,0.6824332342735198,0.4982283182204559,1.1954502250583792
338,,,,,,,,,,
339,,,,,,,,,,
340,,,,,,,,,,
